sample	hier_label	hier_label16	hier_label32	branch_length	label	color	annotation_name
n0	0	0	0				
2025.EXT.0529.1200.500_Bin	1	0	0	0.00619255			
n2	2	8	G	0.00619255	1		
2024.EXT.0725.2046.110_Bmi	2.1	8	G	0.000235886		#ff0033	
n4	2.2	C	O	1.14650e-05	87		
2024.EXT.0725.2137.140_Bpi_Thailand	2.2.1	C	O	0.000460562			
n6	2.2.2	E	S	4.72260e-06	100		
n7	2.2.2.1	E	S	9.98330e-06	100		
n8	2.2.2.1.1	E0	S	0.000193915	100		
n9	2.2.2.1.1.1	E0	S0	0.000452392	100		
n10	2.2.2.1.1.1.1	E0	S0	3.79523e-05	100		
n11	2.2.2.1.1.1.1.1	E0	S0	3.06000e-08	83		
n12	2.2.2.1.1.1.1.1.1	E00	S0	2.72705e-05	100	#ff3333	
n13	2.2.2.1.1.1.1.1.1.1	E00	S0	3.06000e-08	51	#ff3333	
n14	2.2.2.1.1.1.1.1.1.1.1	E00	S00	3.67717e-05	100	#ff3333	
n15	2.2.2.1.1.1.1.1.1.1.1.1	E00	S00	9.17300e-07	99	#ff3333	
n16	2.2.2.1.1.1.1.1.1.1.1.1.1	E000	S00	1.52890e-06	99	#ff3333	
2024.EXT.0725.1323.200_Bsu_Germany	2.2.2.1.1.1.1.1.1.1.1.1.1.1	E000	S00	1.07025e-05		#ff3333	
n18	2.2.2.1.1.1.1.1.1.1.1.1.1.2	E004	S02	9.17300e-07	96	#ff3333	
n19	2.2.2.1.1.1.1.1.1.1.1.1.1.2.1	E004	S02	9.17300e-07	99	#ff3333	
n20	2.2.2.1.1.1.1.1.1.1.1.1.1.2.1.1	E004	S020	4.89250e-06	100	#ff3333	
2024.EXT.0725.1756.140_Bsu_Slovenia	2.2.2.1.1.1.1.1.1.1.1.1.1.2.1.1.1	E0040	S020	1.10082e-05		#ff3333	
2024.EXT.0725.2159.560_Bsu_Czech_Republic	2.2.2.1.1.1.1.1.1.1.1.1.1.2.1.1.2	E0048	S028	3.66940e-06		#ff3333	
2024.EXT.0725.2218.430_Bsu_France	2.2.2.1.1.1.1.1.1.1.1.1.1.2.1.2	E005	S02G	9.47930e-06		#ff3333	
n24	2.2.2.1.1.1.1.1.1.1.1.1.1.2.2	E006	S03	4.58670e-06	100	#ff3333	
2024.EXT.0725.2240.440_Bsu_Italy	2.2.2.1.1.1.1.1.1.1.1.1.1.2.2.1	E006	S030	3.66940e-06		#ff3333	
2024.EXT.0725.2257.180_Bsu	2.2.2.1.1.1.1.1.1.1.1.1.1.2.2.2	E007	S03G	7.95040e-06		#ff3333	
n27	2.2.2.1.1.1.1.1.1.1.1.1.2	E008	S04	4.28090e-06	100	#ff3333	
2024.EXT.0725.2048.280_Bsu	2.2.2.1.1.1.1.1.1.1.1.1.2.1	E008	S04	1.83470e-06		#ff3333	
2024.EXT.0725.2200.370_Bsu	2.2.2.1.1.1.1.1.1.1.1.1.2.2	E00C	S06	1.19256e-05		#ff3333	
2025.EXT.0403.1410.100_Bsu	2.2.2.1.1.1.1.1.1.1.1.2	E01	S08	1.77732e-05		#ff3333	
2024.EXT.0725.2153.200_Bsu_Germany	2.2.2.1.1.1.1.1.1.1.2	E02	S0G	5.30115e-05		#ff3333	
n32	2.2.2.1.1.1.1.1.1.2	E04	S1	3.18672e-05	100	#ff3333	
2024.EXT.0725.2143.170_Bsu_Belgium	2.2.2.1.1.1.1.1.1.2.1	E04	S10	3.36360e-06		#ff3333	
n34	2.2.2.1.1.1.1.1.1.2.2	E06	S1G	3.06000e-08	62	#ff3333	
2024.EXT.0725.2144.110_Bsu_Belgium	2.2.2.1.1.1.1.1.1.2.2.1	E06	S1G	5.80990e-06		#ff3333	
2024.EXT.0725.2242.330_Bsu_Italy	2.2.2.1.1.1.1.1.1.2.2.2	E07	S1O	6.72720e-06		#ff3333	
n37	2.2.2.1.1.1.1.1.2	E08	S2	3.49325e-05	100	#0000ff	
n38	2.2.2.1.1.1.1.1.2.1	E08	S2	2.44620e-06	100	#0000ff	
n39	2.2.2.1.1.1.1.1.2.1.1	E08	S20	2.29822e-05	100	#0000ff	
2024.EXT.0725.1323.250_Bsu_Germany	2.2.2.1.1.1.1.1.2.1.1.1	E08	S20	1.22314e-05		#0000ff	
2024.EXT.0725.1813.080_Bsu_Egypt	2.2.2.1.1.1.1.1.2.1.1.2	E09	S28	1.56268e-05		#0000ff	
2024.EXT.0725.2137.290_Bsu_Denmark	2.2.2.1.1.1.1.1.2.1.2	E0A	S2G	3.70774e-05		#0000ff	
n43	2.2.2.1.1.1.1.1.2.2	E0C	S3	8.56190e-06	100	#0000ff	
n44	2.2.2.1.1.1.1.1.2.2.1	E0C	S30	7.95040e-06	100	#0000ff	
n45	2.2.2.1.1.1.1.1.2.2.1.1	E0C	S30	1.99165e-05	100	#0000ff	
n46	2.2.2.1.1.1.1.1.2.2.1.1.1	E0C0	S30	3.05800e-07	80	#0000ff	
2024.EXT.0725.1340.280_Bsu_Germany	2.2.2.1.1.1.1.1.2.2.1.1.1.1	E0C0	S30	4.89250e-06		#0000ff	
2024.EXT.0725.2140.580_Bsu_France	2.2.2.1.1.1.1.1.2.2.1.1.1.2	E0C4	S32	4.58670e-06		#0000ff	
n49	2.2.2.1.1.1.1.1.2.2.1.1.2	E0C8	S34	3.97520e-06	100	#0000ff	
2024.EXT.0725.1340.430_Bsu_Germany	2.2.2.1.1.1.1.1.2.2.1.1.2.1	E0C8	S34	2.14050e-06		#0000ff	
2024.EXT.0725.1340.560_Bsu_Germany	2.2.2.1.1.1.1.1.2.2.1.1.2.2	E0CC	S36	4.28090e-06		#0000ff	
2024.EXT.0725.1756.190_Bsu_Slovenia	2.2.2.1.1.1.1.1.2.2.1.2	E0D	S38	1.86909e-05		#0000ff	
n53	2.2.2.1.1.1.1.1.2.2.2	E0E	S3G	2.26749e-05	100	#0000ff	
n54	2.2.2.1.1.1.1.1.2.2.2.1	E0E	S3G	4.58670e-06	100	#0000ff	
2024.EXT.0725.1756.590_Bsu_Slovenia	2.2.2.1.1.1.1.1.2.2.2.1.1	E0E0	S3G	2.44620e-06		#0000ff	
2024.EXT.0725.1758.310_Bsu_Slovenia	2.2.2.1.1.1.1.1.2.2.2.1.2	E0E8	S3K	4.89250e-06		#0000ff	
2024.EXT.0725.2154.350_Bsu_Germany	2.2.2.1.1.1.1.1.2.2.2.2	E0F	S3O	5.50410e-06		#0000ff	
n58	2.2.2.1.1.1.1.2	E1	S4	4.44331e-05	100	#00cc66	
n59	2.2.2.1.1.1.1.2.1	E10	S4	5.50410e-06	100	#00cc66	
2024.EXT.0725.1346.410_Bsu_Hungary	2.2.2.1.1.1.1.2.1.1	E10	S4	1.93035e-05		#00cc66	
2024.EXT.0725.2244.510_Bsu_Spain	2.2.2.1.1.1.1.2.1.2	E14	S5	1.71588e-05		#00cc66	
2024.EXT.0725.2244.060_Bsu_Spain	2.2.2.1.1.1.1.2.2	E18	S6	2.05301e-05		#00cc66	
2024.EXT.0725.2243.230_Bsu_Italy	2.2.2.1.1.1.2	E2	S8	9.26113e-05		#00ffcc	
n64	2.2.2.1.1.2	E4	SG	0.000229028	100		
n65	2.2.2.1.1.2.1	E4	SG	0.000189435	100	#ff3300	
n66	2.2.2.1.1.2.1.1	E4	SG	2.44620e-06	100	#ff3300	
2024.EXT.0725.1341.040_Bsu_Germany	2.2.2.1.1.2.1.1.1	E40	SG	6.72720e-06		#ff3300	
n68	2.2.2.1.1.2.1.1.2	E48	SI	4.89250e-06	100	#ff3300	
2024.EXT.0725.1808.440_Bsu_United_States	2.2.2.1.1.2.1.1.2.1	E48	SI	3.36360e-06		#ff3300	
2024.EXT.0725.1812.410_Bsu_Tonga	2.2.2.1.1.2.1.1.2.2	E4C	SJ	2.75200e-06		#ff3300	
n71	2.2.2.1.1.2.1.2	E5	SK	3.06000e-08	68	#ff3300	
n72	2.2.2.1.1.2.1.2.1	E50	SK	3.05800e-07	66	#ff3300	
2024.EXT.0725.1703.590_Bsu_United_States	2.2.2.1.1.2.1.2.1.1	E50	SK	4.89250e-06		#ff3300	
n74	2.2.2.1.1.2.1.2.1.2	E54	SL	3.06000e-08	6	#ff3300	
n75	2.2.2.1.1.2.1.2.1.2.1	E54	SL0	3.06000e-08	24	#ff3300	
2024.EXT.0725.1759.450_Bsu_United_States	2.2.2.1.1.2.1.2.1.2.1.1	E54	SL0	5.80990e-06		#ff3300	
n77	2.2.2.1.1.2.1.2.1.2.1.2	E55	SL8	3.05800e-07	93	#ff3300	
2024.EXT.0725.1807.310_Bsu_United_States	2.2.2.1.1.2.1.2.1.2.1.2.1	E550	SL8	5.80990e-06		#ff3300	
2024.EXT.0725.1807.390_Bsu_United_States	2.2.2.1.1.2.1.2.1.2.1.2.2	E558	SLC	8.86770e-06		#ff3300	
n80	2.2.2.1.1.2.1.2.1.2.2	E56	SLG	3.06000e-08	7	#ff3300	
n81	2.2.2.1.1.2.1.2.1.2.2.1	E56	SLG	3.06000e-08	16	#ff3300	
2024.EXT.0725.1800.210_Bsu_United_States	2.2.2.1.1.2.1.2.1.2.2.1.1	E560	SLG	4.89250e-06		#ff3300	
2024.EXT.0725.1806.340_Bsu_United_States	2.2.2.1.1.2.1.2.1.2.2.1.2	E568	SLK	7.33880e-06		#ff3300	
n84	2.2.2.1.1.2.1.2.1.2.2.2	E57	SLO	3.06000e-08	40	#ff3300	
n85	2.2.2.1.1.2.1.2.1.2.2.2.1	E570	SLO	6.11600e-07	96	#ff3300	
2024.EXT.0725.1803.440_Bsu_United_States	2.2.2.1.1.2.1.2.1.2.2.2.1.1	E570	SLO	5.19830e-06		#ff3300	
2024.EXT.0725.1808.340_Bsu_United_States	2.2.2.1.1.2.1.2.1.2.2.2.1.2	E574	SLQ	5.80990e-06		#ff3300	
2024.EXT.0725.1809.460_Bsu_United_States	2.2.2.1.1.2.1.2.1.2.2.2.2	E578	SLS	4.58670e-06		#ff3300	
n89	2.2.2.1.1.2.1.2.2	E58	SM	9.17300e-07	96	#ff3300	
n90	2.2.2.1.1.2.1.2.2.1	E58	SM	3.06000e-08	23	#ff3300	
n91	2.2.2.1.1.2.1.2.2.1.1	E58	SM0	3.06000e-08	20	#ff3300	
n92	2.2.2.1.1.2.1.2.2.1.1.1	E58	SM0	3.05800e-07	80	#ff3300	
2024.EXT.0725.1804.130_Bsu_United_States	2.2.2.1.1.2.1.2.2.1.1.1.1	E580	SM0	6.11570e-06		#ff3300	
n94	2.2.2.1.1.2.1.2.2.1.1.1.2	E588	SM4	9.97000e-07	98	#ff3300	
n95	2.2.2.1.1.2.1.2.2.1.1.1.2.1	E588	SM4	1.45210e-06	100	#ff3300	
2024.EXT.0725.1804.450_Bsu_United_States	2.2.2.1.1.2.1.2.2.1.1.1.2.1.1	E588	SM4	4.89250e-06		#ff3300	
2024.EXT.0725.1805.100_Bsu_United_States	2.2.2.1.1.2.1.2.2.1.1.1.2.1.2	E58A	SM5	6.11570e-06		#ff3300	
n98	2.2.2.1.1.2.1.2.2.1.1.1.2.2	E58C	SM6	3.05800e-07	61	#ff3300	
2024.EXT.0725.1808.550_Bsu_United_States	2.2.2.1.1.2.1.2.2.1.1.1.2.2.1	E58C	SM6	5.29060e-06		#ff3300	
2024.EXT.0725.1809.180_Bsu_United_States	2.2.2.1.1.2.1.2.2.1.1.1.2.2.2	E58E	SM7	7.26460e-06		#ff3300	
2024.EXT.0725.1805.190_Bsu_United_States	2.2.2.1.1.2.1.2.2.1.1.2	E59	SM8	4.58670e-06		#ff3300	
n102	2.2.2.1.1.2.1.2.2.1.2	E5A	SMG	3.06000e-08	31	#ff3300	
n103	2.2.2.1.1.2.1.2.2.1.2.1	E5A	SMG	3.97520e-06	100	#ff3300	
2024.EXT.0725.1809.310_Bsu_United_States	2.2.2.1.1.2.1.2.2.1.2.1.1	E5A0	SMG	2.14050e-06		#ff3300	
Reference-AE014291-AE014292_Bsu	2.2.2.1.1.2.1.2.2.1.2.1.2	E5A8	SMK	1.52890e-06		#ff3300	
2024.EXT.0725.1810.230_Bsu_United_States	2.2.2.1.1.2.1.2.2.1.2.2	E5B	SMO	7.64460e-06		#ff3300	
2024.EXT.0725.2157.220_Bsu	2.2.2.1.1.2.1.2.2.2	E5C	SN	7.03300e-06		#ff3300	
n108	2.2.2.1.1.2.2	E6	SO	0.000139255	100		
n109	2.2.2.1.1.2.2.1	E6	SO	9.82584e-05	100		
n110	2.2.2.1.1.2.2.1.1	E60	SO	4.05115e-05	100	#ff0099	
n111	2.2.2.1.1.2.2.1.1.1	E60	SO	6.38700e-07	99	#ff0099	
n112	2.2.2.1.1.2.2.1.1.1.1	E60	SO0	5.50410e-06	100	#ff0099	
n113	2.2.2.1.1.2.2.1.1.1.1.1	E60	SO0	1.49820e-06	100	#ff0099	
2024.EXT.0725.1342.360_Bca	2.2.2.1.1.2.2.1.1.1.1.1.1	E600	SO0	7.03300e-06		#ff0099	
n115	2.2.2.1.1.2.2.1.1.1.1.1.2	E608	SO4	4.58670e-06	100	#ff0099	
2024.EXT.0725.1427.090_Bca	2.2.2.1.1.2.2.1.1.1.1.1.2.1	E608	SO4	2.14050e-06		#ff0099	
n117	2.2.2.1.1.2.2.1.1.1.1.1.2.2	E60C	SO6	3.05800e-07	70	#ff0099	
2024.EXT.0725.1428.050_Bca	2.2.2.1.1.2.2.1.1.1.1.1.2.2.1	E60C	SO6	3.66940e-06		#ff0099	
2024.EXT.0725.1430.160_Bca	2.2.2.1.1.2.2.1.1.1.1.1.2.2.2	E60E	SO7	3.97520e-06		#ff0099	
n120	2.2.2.1.1.2.2.1.1.1.1.2	E61	SO8	3.38890e-06	100	#ff0099	
2024.EXT.0725.2049.550_Bca	2.2.2.1.1.2.2.1.1.1.1.2.1	E610	SO8	3.97520e-06		#ff0099	
2024.EXT.0725.2130.190_Bca	2.2.2.1.1.2.2.1.1.1.1.2.2	E618	SOC	4.28090e-06		#ff0099	
2024.EXT.0725.1701.560_Bca_Italy	2.2.2.1.1.2.2.1.1.1.2	E62	SOG	1.64991e-05		#ff0099	
n124	2.2.2.1.1.2.2.1.1.2	E64	SP	2.75200e-06	100	#ff0099	
n125	2.2.2.1.1.2.2.1.1.2.1	E64	SP0	2.75200e-06	100	#ff0099	
n126	2.2.2.1.1.2.2.1.1.2.1.1	E64	SP0	3.05780e-06	100	#ff0099	
n127	2.2.2.1.1.2.2.1.1.2.1.1.1	E640	SP0	1.83470e-06	100	#ff0099	
2024.EXT.0725.1410.430_Bca_Brazil	2.2.2.1.1.2.2.1.1.2.1.1.1.1	E640	SP0	8.56190e-06		#ff0099	
2024.EXT.0725.2147.020_Bca_Argentina	2.2.2.1.1.2.2.1.1.2.1.1.1.2	E644	SP2	9.47930e-06		#ff0099	
2024.EXT.0725.2156.160_Bca_Colombia	2.2.2.1.1.2.2.1.1.2.1.1.2	E648	SP4	6.11570e-06		#ff0099	
n131	2.2.2.1.1.2.2.1.1.2.1.2	E65	SP8	1.83470e-06	100	#ff0099	
2024.EXT.0725.1430.570_Bca_Costa_Rica	2.2.2.1.1.2.2.1.1.2.1.2.1	E650	SP8	1.19256e-05		#ff0099	
2024.EXT.0725.1431.390_Bca_United_States	2.2.2.1.1.2.2.1.1.2.1.2.2	E658	SPC	1.25372e-05		#ff0099	
2024.EXT.0725.1431.290_Bca_Costa_Rica	2.2.2.1.1.2.2.1.1.2.2	E66	SPG	1.80777e-05		#ff0099	
n135	2.2.2.1.1.2.2.1.2	E68	SQ	3.36360e-06	100	#00ff33	
n136	2.2.2.1.1.2.2.1.2.1	E68	SQ	1.81353e-05	100	#00ff33	
2024.EXT.0725.2048.520_Bsu	2.2.2.1.1.2.2.1.2.1.1	E68	SQ0	1.96097e-05		#00ff33	Bsuis_biovar4
2024.EXT.0725.2138.150_Bsu	2.2.2.1.1.2.2.1.2.1.2	E6A	SQG	2.60452e-05		#00ff33	
2024.EXT.0725.2201.190_Bsu	2.2.2.1.1.2.2.1.2.2	E6C	SR	4.40685e-05		#00ff33	
2024.EXT.0725.1557.570_Bsu	2.2.2.1.1.2.2.2	E7	SS	0.000134970		#00ff99	
2024.EXT.0725.2049.130_Bsu	2.2.2.1.2	E8	T	0.000269676		#00ff33	
n142	2.2.2.2	F	U	2.94800e-07	74		
n143	2.2.2.2.1	F0	U	2.50297e-05	100		
n144	2.2.2.2.1.1	F0	U0	0.000522544	100		
2024.EXT.0725.1342.270_Bme_United_States	2.2.2.2.1.1.1	F0	U0	1.22313e-05		#00ffcc	
n146	2.2.2.2.1.1.2	F2	U8	7.66180e-06	100	#ff3333	
2024.EXT.0725.1840.180_Bsp09RB8910_United_States	2.2.2.2.1.1.2.1	F2	U8	5.19830e-06		#ff3333	
2024.EXT.0725.1840.330_Bsp09RB8910_United_States	2.2.2.2.1.1.2.2	F3	UC	4.28090e-06		#ff3333	
2024.EXT.0725.2130.460_Bsp09RB8471_Costa_Rica	2.2.2.2.1.2	F4	UG	0.000824687			
n150	2.2.2.2.2	F8	V	4.89250e-06	100		
n151	2.2.2.2.2.1	F8	V0	9.90672e-05	100		
n152	2.2.2.2.2.1.1	F8	V0	2.56864e-05	100		
n153	2.2.2.2.2.1.1.1	F8	V0	6.46928e-05	100		
n154	2.2.2.2.2.1.1.1.1	F80	V0	0.000156962	100	#ff3399	
2024.EXT.0725.1322.590_Bpi_Japan	2.2.2.2.2.1.1.1.1.1	F80	V0	9.47930e-06		#ff3399	
2024.EXT.0725.1558.390_Bpi_Australia	2.2.2.2.2.1.1.1.1.2	F84	V1	1.00909e-05		#ff3399	
n157	2.2.2.2.2.1.1.1.2	F88	V2	0.000173250	100	#3300ff	
n158	2.2.2.2.2.1.1.1.2.1	F88	V2	1.22310e-06	100	#3300ff	
2024.EXT.0725.1419.360_Bpi	2.2.2.2.2.1.1.1.2.1.1	F88	V20	1.10082e-05		#3300ff	
n160	2.2.2.2.2.1.1.1.2.1.2	F8A	V2G	5.19830e-06	100	#3300ff	
2024.EXT.0725.1429.200_Bpi	2.2.2.2.2.1.1.1.2.1.2.1	F8A	V2G	4.28090e-06		#3300ff	
2024.EXT.0725.1429.250_Bpi	2.2.2.2.2.1.1.1.2.1.2.2	F8B	V2O	3.97520e-06		#3300ff	
2024.EXT.0725.1434.260_Bpi	2.2.2.2.2.1.1.1.2.2	F8C	V3	1.00909e-05		#3300ff	
n164	2.2.2.2.2.1.1.2	F9	V4	2.20899e-05	100	#00ff00	
n165	2.2.2.2.2.1.1.2.1	F90	V4	6.09842e-05	100	#00ff00	
n166	2.2.2.2.2.1.1.2.1.1	F90	V4	8.25620e-06	100	#00ff00	
2024.EXT.0725.1341.230_Bpi_Spain	2.2.2.2.2.1.1.2.1.1.1	F90	V40	1.10082e-05		#00ff00	
2024.EXT.0725.1419.260_Bpi	2.2.2.2.2.1.1.2.1.1.2	F92	V4G	3.97520e-06		#00ff00	
2024.EXT.0725.1419.460_Bpi	2.2.2.2.2.1.1.2.1.2	F94	V5	6.11570e-06		#00ff00	
2024.EXT.0725.2047.510_Bpi	2.2.2.2.2.1.1.2.2	F98	V6	7.69193e-05		#00ff00	
n171	2.2.2.2.2.1.2	FA	V8	0.000385468	100		
n172	2.2.2.2.2.1.2.1	FA	V8	4.99570e-05	100	#ff6666	
n173	2.2.2.2.2.1.2.1.1	FA0	V8	6.11600e-07	88	#ff6666	
n174	2.2.2.2.2.1.2.1.1.1	FA0	V8	3.97520e-06	100	#ff6666	
n175	2.2.2.2.2.1.2.1.1.1.1	FA0	V80	1.52890e-06	100	#ff6666	
n176	2.2.2.2.2.1.2.1.1.1.1.1	FA0	V80	2.14050e-06	100	#ff6666	
2024.EXT.0725.1412.080_Bce	2.2.2.2.2.1.2.1.1.1.1.1.1	FA00	V80	5.50410e-06		#ff6666	
2024.EXT.0725.1412.150_Bce	2.2.2.2.2.1.2.1.1.1.1.1.2	FA08	V84	2.75200e-06		#ff6666	
2024.EXT.0725.1429.050_Bce	2.2.2.2.2.1.2.1.1.1.1.2	FA1	V88	2.75200e-06		#ff6666	
n180	2.2.2.2.2.1.2.1.1.1.2	FA2	V8G	3.05800e-07	67	#ff6666	
2024.EXT.0725.1428.420_Bce	2.2.2.2.2.1.2.1.1.1.2.1	FA2	V8G	6.72720e-06		#ff6666	
2024.EXT.0725.1437.440_Bce	2.2.2.2.2.1.2.1.1.1.2.2	FA3	V8O	7.33880e-06		#ff6666	
2024.EXT.0725.1417.330_Bce	2.2.2.2.2.1.2.1.1.2	FA4	V9	9.47930e-06		#ff6666	
n184	2.2.2.2.2.1.2.1.2	FA8	VA	3.05800e-07	70	#ff6666	
2024.EXT.0725.1418.130_Bce	2.2.2.2.2.1.2.1.2.1	FA8	VA	1.16198e-05		#ff6666	
2024.EXT.0725.1437.520_Bce	2.2.2.2.2.1.2.1.2.2	FAC	VB	7.03300e-06		#ff6666	
n187	2.2.2.2.2.1.2.2	FB	VC	3.55055e-05	100	#00ff99	
n188	2.2.2.2.2.1.2.2.1	FB0	VC	2.88000e-07	72	#00ff99	
n189	2.2.2.2.2.1.2.2.1.1	FB0	VC	5.20900e-06	100	#00ff99	
2024.EXT.0725.1420.010_Bce	2.2.2.2.2.1.2.2.1.1.1	FB0	VC0	4.89250e-06		#00ff99	
2024.EXT.0725.1842.400_Bce_Italy	2.2.2.2.2.1.2.2.1.1.2	FB2	VCG	5.50410e-06		#00ff99	
2024.EXT.0725.1845.120_Bce_Italy	2.2.2.2.2.1.2.2.1.2	FB4	VD	9.49180e-06		#00ff99	
n193	2.2.2.2.2.1.2.2.2	FB8	VE	1.21560e-06	99	#00ff99	
2024.EXT.0725.1843.440_Bce_Italy	2.2.2.2.2.1.2.2.2.1	FB8	VE	5.50410e-06		#00ff99	
2024.EXT.0725.1843.540_Bce_Italy	2.2.2.2.2.1.2.2.2.2	FBC	VF	9.78510e-06		#00ff99	
n196	2.2.2.2.2.2	FC	VG	3.33860e-06	100		
n197	2.2.2.2.2.2.1	FC	VG	1.70819e-05	100		
2024.EXT.0725.2047.460_Bov	2.2.2.2.2.2.1.1	FC	VG	0.000592759		#9933ff	
n199	2.2.2.2.2.2.1.2	FD	VK	0.000848479	100		
n200	2.2.2.2.2.2.1.2.1	FD0	VK	2.49838e-05	100	#3333ff	
n201	2.2.2.2.2.2.1.2.1.1	FD0	VK	3.05780e-06	100	#3333ff	
n202	2.2.2.2.2.2.1.2.1.1.1	FD0	VK0	1.49835e-05	100	#3333ff	
n203	2.2.2.2.2.2.1.2.1.1.1.1	FD0	VK0	4.58670e-06	100	#3333ff	
2024.EXT.0725.2147.180_Bov_Spain	2.2.2.2.2.2.1.2.1.1.1.1.1	FD00	VK0	1.34546e-05		#3333ff	
n205	2.2.2.2.2.2.1.2.1.1.1.1.2	FD08	VK4	9.47930e-06	100	#3333ff	
2025.EXT.0403.1407.440_Bov	2.2.2.2.2.2.1.2.1.1.1.1.2.1	FD08	VK4	6.72720e-06		#3333ff	
2025.EXT.0403.1409.150_Bov	2.2.2.2.2.2.1.2.1.1.1.1.2.2	FD0C	VK6	4.89250e-06		#3333ff	
n208	2.2.2.2.2.2.1.2.1.1.1.2	FD1	VK8	1.10082e-05	100	#3333ff	
2024.EXT.0725.2149.060_Bov_New_Zealand	2.2.2.2.2.2.1.2.1.1.1.2.1	FD10	VK8	7.03300e-06		#3333ff	
2024.EXT.0725.2156.010_Bov_Argentina	2.2.2.2.2.2.1.2.1.1.1.2.2	FD18	VKC	6.42140e-06		#3333ff	
n211	2.2.2.2.2.2.1.2.1.1.2	FD2	VKG	2.72604e-05	100	#3333ff	
2025.EXT.0403.1407.140_Bov	2.2.2.2.2.2.1.2.1.1.2.1	FD2	VKG	7.03300e-06		#3333ff	
2025.EXT.0403.1414.330_Bov	2.2.2.2.2.2.1.2.1.1.2.2	FD3	VKO	7.95040e-06		#3333ff	
2025.EXT.0403.1414.390_Bov	2.2.2.2.2.2.1.2.1.2	FD4	VL	3.67571e-05		#3333ff	
2025.EXT.0403.1539.540_Bov	2.2.2.2.2.2.1.2.2	FD8	VM	6.04819e-05		#ff0000	
n216	2.2.2.2.2.2.2	FE	VO	0.000246983	100		
n217	2.2.2.2.2.2.2.1	FE	VO	0.000176551	100		
n218	2.2.2.2.2.2.2.1.1	FE0	VO	9.31869e-05	100		
n219	2.2.2.2.2.2.2.1.1.1	FE0	VO	0.000157691	100		
n220	2.2.2.2.2.2.2.1.1.1.1	FE0	VO0	4.71955e-05	100		
n221	2.2.2.2.2.2.2.1.1.1.1.1	FE0	VO0	3.06347e-05	100		
n222	2.2.2.2.2.2.2.1.1.1.1.1.1	FE00	VO0	1.43719e-05	100	#3333ff	
n223	2.2.2.2.2.2.2.1.1.1.1.1.1.1	FE00	VO0	7.33880e-06	100	#3333ff	
n224	2.2.2.2.2.2.2.1.1.1.1.1.1.1.1	FE00	VO0	9.17300e-07	98	#3333ff	
n225	2.2.2.2.2.2.2.1.1.1.1.1.1.1.1.1	FE00	VO00	9.78510e-06	100	#3333ff	
2024.EXT.0725.1349.450_Bab_Spain	2.2.2.2.2.2.2.1.1.1.1.1.1.1.1.1.1	FE000	VO00	8.25620e-06		#3333ff	
n227	2.2.2.2.2.2.2.1.1.1.1.1.1.1.1.1.2	FE008	VO08	3.05800e-07	95	#3333ff	
n228	2.2.2.2.2.2.2.1.1.1.1.1.1.1.1.1.2.1	FE008	VO08	3.06000e-08	56	#3333ff	
n229	2.2.2.2.2.2.2.1.1.1.1.1.1.1.1.1.2.1.1	FE008	VO08	3.05780e-06	100	#3333ff	
n230	2.2.2.2.2.2.2.1.1.1.1.1.1.1.1.1.2.1.1.1	FE008	VO08	3.06000e-08	13	#3333ff	
n231	2.2.2.2.2.2.2.1.1.1.1.1.1.1.1.1.2.1.1.1.1	FE0080	VO080	3.06000e-08	31	#3333ff	
n232	2.2.2.2.2.2.2.1.1.1.1.1.1.1.1.1.2.1.1.1.1.1	FE0080	VO080	3.05800e-07	95	#3333ff	
n233	2.2.2.2.2.2.2.1.1.1.1.1.1.1.1.1.2.1.1.1.1.1.1	FE0080	VO080	1.22310e-06	98	#3333ff	
n234	2.2.2.2.2.2.2.1.1.1.1.1.1.1.1.1.2.1.1.1.1.1.1.1	FE0080	VO080	3.06000e-08	58	#3333ff	
2024.EXT.0725.1407.150_Bab_Costa_Rica	2.2.2.2.2.2.2.1.1.1.1.1.1.1.1.1.2.1.1.1.1.1.1.1.1	FE00800	VO080	3.97520e-06		#3333ff	
2024.EXT.0725.1409.230_Bab_Costa_Rica	2.2.2.2.2.2.2.1.1.1.1.1.1.1.1.1.2.1.1.1.1.1.1.1.2	FE00808	VO081	4.58670e-06		#3333ff	
2024.EXT.0725.1408.080_Bab_Costa_Rica	2.2.2.2.2.2.2.1.1.1.1.1.1.1.1.1.2.1.1.1.1.1.1.2	FE0081	VO082	2.44620e-06		#3333ff	
2024.EXT.0725.1436.330_Bab	2.2.2.2.2.2.2.1.1.1.1.1.1.1.1.1.2.1.1.1.1.1.2	FE0082	VO084	5.19830e-06		#3333ff	
n239	2.2.2.2.2.2.2.1.1.1.1.1.1.1.1.1.2.1.1.1.1.2	FE0084	VO088	6.11600e-07	95	#3333ff	
2024.EXT.0725.1408.450_Bab_Costa_Rica	2.2.2.2.2.2.2.1.1.1.1.1.1.1.1.1.2.1.1.1.1.2.1	FE0084	VO088	1.83470e-06		#3333ff	
2024.EXT.0725.1436.200_Bab	2.2.2.2.2.2.2.1.1.1.1.1.1.1.1.1.2.1.1.1.1.2.2	FE0086	VO08C	5.50410e-06		#3333ff	
n242	2.2.2.2.2.2.2.1.1.1.1.1.1.1.1.1.2.1.1.1.2	FE0088	VO08G	3.06000e-08	29	#3333ff	
2024.EXT.0725.1407.240_Bab_Costa_Rica	2.2.2.2.2.2.2.1.1.1.1.1.1.1.1.1.2.1.1.1.2.1	FE0088	VO08G	5.80990e-06		#3333ff	
2024.EXT.0725.1420.160_Bab	2.2.2.2.2.2.2.1.1.1.1.1.1.1.1.1.2.1.1.1.2.2	FE008C	VO08O	7.33880e-06		#3333ff	
n245	2.2.2.2.2.2.2.1.1.1.1.1.1.1.1.1.2.1.1.2	FE009	VO09	3.06000e-08	29	#3333ff	
2024.EXT.0725.1408.040_Bab_Costa_Rica	2.2.2.2.2.2.2.1.1.1.1.1.1.1.1.1.2.1.1.2.1	FE0090	VO090	5.19830e-06		#3333ff	
2024.EXT.0725.1420.110_Bab	2.2.2.2.2.2.2.1.1.1.1.1.1.1.1.1.2.1.1.2.2	FE0098	VO09G	3.97520e-06		#3333ff	
n248	2.2.2.2.2.2.2.1.1.1.1.1.1.1.1.1.2.1.2	FE00A	VO0A	3.05800e-07	75	#3333ff	
n249	2.2.2.2.2.2.2.1.1.1.1.1.1.1.1.1.2.1.2.1	FE00A	VO0A	9.17300e-07	96	#3333ff	
n250	2.2.2.2.2.2.2.1.1.1.1.1.1.1.1.1.2.1.2.1.1	FE00A0	VO0A0	3.05800e-07	64	#3333ff	
2024.EXT.0725.1432.300_Bab	2.2.2.2.2.2.2.1.1.1.1.1.1.1.1.1.2.1.2.1.1.1	FE00A0	VO0A0	4.28090e-06		#3333ff	
2024.EXT.0725.1611.150_Bab_United_States	2.2.2.2.2.2.2.1.1.1.1.1.1.1.1.1.2.1.2.1.1.2	FE00A4	VO0A8	7.64460e-06		#3333ff	
2024.EXT.0725.1630.130_Bab_United_States	2.2.2.2.2.2.2.1.1.1.1.1.1.1.1.1.2.1.2.1.2	FE00A8	VO0AG	5.19830e-06		#3333ff	
2024.EXT.0725.2151.030_Bab_Zimbabwe	2.2.2.2.2.2.2.1.1.1.1.1.1.1.1.1.2.1.2.2	FE00B	VO0B	5.50410e-06		#3333ff	
n255	2.2.2.2.2.2.2.1.1.1.1.1.1.1.1.1.2.2	FE00C	VO0C	7.03300e-06	100	#3333ff	
n256	2.2.2.2.2.2.2.1.1.1.1.1.1.1.1.1.2.2.1	FE00C	VO0C	9.17300e-07	95	#3333ff	
2024.EXT.0725.1432.070_Bvu	2.2.2.2.2.2.2.1.1.1.1.1.1.1.1.1.2.2.1.1	FE00C	VO0C	3.05800e-07		#3333ff	
2024.EXT.0725.1632.090_Bvu_Egypt	2.2.2.2.2.2.2.1.1.1.1.1.1.1.1.1.2.2.1.2	FE00D	VO0D	6.11600e-07		#3333ff	
2024.EXT.0725.1600.500_Bvu	2.2.2.2.2.2.2.1.1.1.1.1.1.1.1.1.2.2.2	FE00E	VO0E	1.22310e-06		#3333ff	
n260	2.2.2.2.2.2.2.1.1.1.1.1.1.1.1.2	FE01	VO0G	3.05800e-07	70	#3333ff	
2024.EXT.0725.1356.440_Bab_Germany	2.2.2.2.2.2.2.1.1.1.1.1.1.1.1.2.1	FE010	VO0G	2.05237e-05		#3333ff	
n262	2.2.2.2.2.2.2.1.1.1.1.1.1.1.1.2.2	FE018	VO0O	6.42140e-06	100	#3333ff	
n263	2.2.2.2.2.2.2.1.1.1.1.1.1.1.1.2.2.1	FE018	VO0O	4.89250e-06	100	#3333ff	
n264	2.2.2.2.2.2.2.1.1.1.1.1.1.1.1.2.2.1.1	FE018	VO0O	3.06000e-08	25	#3333ff	
n265	2.2.2.2.2.2.2.1.1.1.1.1.1.1.1.2.2.1.1.1	FE018	VO0O	3.06000e-08	7	#3333ff	
n266	2.2.2.2.2.2.2.1.1.1.1.1.1.1.1.2.2.1.1.1.1	FE0180	VO0O0	3.06000e-08	9	#3333ff	
n267	2.2.2.2.2.2.2.1.1.1.1.1.1.1.1.2.2.1.1.1.1.1	FE0180	VO0O0	3.06000e-08	35	#3333ff	
2024.EXT.0725.1602.320_Bab_United_States	2.2.2.2.2.2.2.1.1.1.1.1.1.1.1.2.2.1.1.1.1.1.1	FE0180	VO0O0	7.33880e-06		#3333ff	
2024.EXT.0725.1602.540_Bab_United_States	2.2.2.2.2.2.2.1.1.1.1.1.1.1.1.2.2.1.1.1.1.1.2	FE0182	VO0O4	7.33880e-06		#3333ff	
n270	2.2.2.2.2.2.2.1.1.1.1.1.1.1.1.2.2.1.1.1.1.2	FE0184	VO0O8	3.06000e-08	8	#3333ff	
n271	2.2.2.2.2.2.2.1.1.1.1.1.1.1.1.2.2.1.1.1.1.2.1	FE0184	VO0O8	9.17300e-07	98	#3333ff	
2024.EXT.0725.1603.470_Bab_United_States	2.2.2.2.2.2.2.1.1.1.1.1.1.1.1.2.2.1.1.1.1.2.1.1	FE0184	VO0O8	2.75200e-06		#3333ff	
2024.EXT.0725.2044.260_Bab	2.2.2.2.2.2.2.1.1.1.1.1.1.1.1.2.2.1.1.1.1.2.1.2	FE0185	VO0OA	3.66940e-06		#3333ff	
n274	2.2.2.2.2.2.2.1.1.1.1.1.1.1.1.2.2.1.1.1.1.2.2	FE0186	VO0OC	3.06000e-08	20	#3333ff	
2024.EXT.0725.1628.360_Bab_United_States	2.2.2.2.2.2.2.1.1.1.1.1.1.1.1.2.2.1.1.1.1.2.2.1	FE0186	VO0OC	3.36360e-06		#3333ff	
2024.EXT.0725.1629.440_Bab_United_States	2.2.2.2.2.2.2.1.1.1.1.1.1.1.1.2.2.1.1.1.1.2.2.2	FE0187	VO0OE	5.50410e-06		#3333ff	
n277	2.2.2.2.2.2.2.1.1.1.1.1.1.1.1.2.2.1.1.1.2	FE0188	VO0OG	3.06000e-08	14	#3333ff	
2024.EXT.0725.1627.570_Bab_United_States	2.2.2.2.2.2.2.1.1.1.1.1.1.1.1.2.2.1.1.1.2.1	FE0188	VO0OG	7.64460e-06		#3333ff	
2024.EXT.0725.2137.210_Bab_Saudi_Arabia	2.2.2.2.2.2.2.1.1.1.1.1.1.1.1.2.2.1.1.1.2.2	FE018C	VO0OO	2.75200e-06		#3333ff	
2024.EXT.0725.1602.420_Bab_United_States	2.2.2.2.2.2.2.1.1.1.1.1.1.1.1.2.2.1.1.2	FE019	VO0P	2.75200e-06		#3333ff	
2024.EXT.0725.1602.480_Bab_United_States	2.2.2.2.2.2.2.1.1.1.1.1.1.1.1.2.2.1.2	FE01A	VO0Q	6.42140e-06		#3333ff	
n282	2.2.2.2.2.2.2.1.1.1.1.1.1.1.1.2.2.2	FE01C	VO0S	1.16198e-05	100	#3333ff	
2024.EXT.0725.2008.460_Bab_United_States	2.2.2.2.2.2.2.1.1.1.1.1.1.1.1.2.2.2.1	FE01C	VO0S	1.52890e-06		#3333ff	
n284	2.2.2.2.2.2.2.1.1.1.1.1.1.1.1.2.2.2.2	FE01E	VO0U	1.83470e-06	100	#3333ff	
2024.EXT.0725.2019.130_Bab_United_States	2.2.2.2.2.2.2.1.1.1.1.1.1.1.1.2.2.2.2.1	FE01E	VO0U	3.05780e-06		#3333ff	
2024.EXT.0725.2022.160_Bab_United_States	2.2.2.2.2.2.2.1.1.1.1.1.1.1.1.2.2.2.2.2	FE01F	VO0V	3.66940e-06		#3333ff	
n287	2.2.2.2.2.2.2.1.1.1.1.1.1.1.2	FE02	VO1	3.05800e-07	80	#3333ff	
n288	2.2.2.2.2.2.2.1.1.1.1.1.1.1.2.1	FE02	VO10	6.11600e-07	89	#3333ff	
n289	2.2.2.2.2.2.2.1.1.1.1.1.1.1.2.1.1	FE020	VO10	3.05800e-07	67	#3333ff	
n290	2.2.2.2.2.2.2.1.1.1.1.1.1.1.2.1.1.1	FE020	VO10	4.89250e-06	100	#3333ff	
n291	2.2.2.2.2.2.2.1.1.1.1.1.1.1.2.1.1.1.1	FE020	VO10	1.52890e-06	99	#3333ff	
n292	2.2.2.2.2.2.2.1.1.1.1.1.1.1.2.1.1.1.1.1	FE020	VO10	6.11600e-07	95	#3333ff	
n293	2.2.2.2.2.2.2.1.1.1.1.1.1.1.2.1.1.1.1.1.1	FE0200	VO100	3.06000e-08	56	#3333ff	
n294	2.2.2.2.2.2.2.1.1.1.1.1.1.1.2.1.1.1.1.1.1.1	FE0200	VO100	3.05780e-06	100	#3333ff	
n295	2.2.2.2.2.2.2.1.1.1.1.1.1.1.2.1.1.1.1.1.1.1.1	FE0200	VO100	3.06000e-08	29	#3333ff	
n296	2.2.2.2.2.2.2.1.1.1.1.1.1.1.2.1.1.1.1.1.1.1.1.1	FE0200	VO100	6.11600e-07	95	#3333ff	
2024.EXT.0725.1359.510_Bab	2.2.2.2.2.2.2.1.1.1.1.1.1.1.2.1.1.1.1.1.1.1.1.1.1	FE02000	VO100	4.28090e-06		#3333ff	
2024.EXT.0725.2139.300_Bab_Bolivia	2.2.2.2.2.2.2.1.1.1.1.1.1.1.2.1.1.1.1.1.1.1.1.1.2	FE02008	VO101	2.14050e-06		#3333ff	
n299	2.2.2.2.2.2.2.1.1.1.1.1.1.1.2.1.1.1.1.1.1.1.1.2	FE0201	VO102	3.06000e-08	11	#3333ff	
n300	2.2.2.2.2.2.2.1.1.1.1.1.1.1.2.1.1.1.1.1.1.1.1.2.1	FE02010	VO102	3.06000e-08	31	#3333ff	
n301	2.2.2.2.2.2.2.1.1.1.1.1.1.1.2.1.1.1.1.1.1.1.1.2.1.1	FE02010	VO1020	1.22310e-06	98	#3333ff	
n302	2.2.2.2.2.2.2.1.1.1.1.1.1.1.2.1.1.1.1.1.1.1.1.2.1.1.1	FE02010	VO1020	3.06000e-08	42	#3333ff	
n303	2.2.2.2.2.2.2.1.1.1.1.1.1.1.2.1.1.1.1.1.1.1.1.2.1.1.1.1	FE02010	VO1020	6.11600e-07	95	#3333ff	
n304	2.2.2.2.2.2.2.1.1.1.1.1.1.1.2.1.1.1.1.1.1.1.1.2.1.1.1.1.1	FE020100	VO1020	6.11600e-07	88	#3333ff	
2024.EXT.0725.1359.570_Bab	2.2.2.2.2.2.2.1.1.1.1.1.1.1.2.1.1.1.1.1.1.1.1.2.1.1.1.1.1.1	FE020100	VO1020	3.97520e-06		#3333ff	
2024.EXT.0725.1402.400_Bab	2.2.2.2.2.2.2.1.1.1.1.1.1.1.2.1.1.1.1.1.1.1.1.2.1.1.1.1.1.2	FE020104	VO1021	3.05780e-06		#3333ff	
2024.EXT.0725.1850.100_Bab_Brazil	2.2.2.2.2.2.2.1.1.1.1.1.1.1.2.1.1.1.1.1.1.1.1.2.1.1.1.1.2	FE020108	VO1022	3.66940e-06		#3333ff	
n308	2.2.2.2.2.2.2.1.1.1.1.1.1.1.2.1.1.1.1.1.1.1.1.2.1.1.1.2	FE02011	VO1024	3.06000e-08	25	#3333ff	
2024.EXT.0725.1401.530_Bab	2.2.2.2.2.2.2.1.1.1.1.1.1.1.2.1.1.1.1.1.1.1.1.2.1.1.1.2.1	FE020110	VO1024	4.28090e-06		#3333ff	
n310	2.2.2.2.2.2.2.1.1.1.1.1.1.1.2.1.1.1.1.1.1.1.1.2.1.1.1.2.2	FE020118	VO1026	1.22310e-06	99	#3333ff	
n311	2.2.2.2.2.2.2.1.1.1.1.1.1.1.2.1.1.1.1.1.1.1.1.2.1.1.1.2.2.1	FE020118	VO1026	3.06000e-08	83	#3333ff	
2024.EXT.0725.1405.550_Bab	2.2.2.2.2.2.2.1.1.1.1.1.1.1.2.1.1.1.1.1.1.1.1.2.1.1.1.2.2.1.1	FE020118	VO10260	1.52890e-06		#3333ff	
2024.EXT.0725.1406.320_Bab	2.2.2.2.2.2.2.1.1.1.1.1.1.1.2.1.1.1.1.1.1.1.1.2.1.1.1.2.2.1.2	FE02011A	VO1026G	5.19830e-06		#3333ff	
2024.EXT.0725.1406.570_Bab	2.2.2.2.2.2.2.1.1.1.1.1.1.1.2.1.1.1.1.1.1.1.1.2.1.1.1.2.2.2	FE02011C	VO1027	2.75200e-06		#3333ff	
2024.EXT.0725.1853.420_Bab_Brazil	2.2.2.2.2.2.2.1.1.1.1.1.1.1.2.1.1.1.1.1.1.1.1.2.1.1.2	FE02012	VO1028	3.05780e-06		#3333ff	
2024.EXT.0725.1405.120_Bab	2.2.2.2.2.2.2.1.1.1.1.1.1.1.2.1.1.1.1.1.1.1.1.2.1.2	FE02014	VO102G	5.50410e-06		#3333ff	
n317	2.2.2.2.2.2.2.1.1.1.1.1.1.1.2.1.1.1.1.1.1.1.1.2.2	FE02018	VO103	3.06000e-08	25	#3333ff	
n318	2.2.2.2.2.2.2.1.1.1.1.1.1.1.2.1.1.1.1.1.1.1.1.2.2.1	FE02018	VO1030	6.11600e-07	99	#3333ff	
2024.EXT.0725.1400.580_Bab	2.2.2.2.2.2.2.1.1.1.1.1.1.1.2.1.1.1.1.1.1.1.1.2.2.1.1	FE02018	VO1030	5.80990e-06		#3333ff	
2024.EXT.0725.1848.260_Bab_Brazil	2.2.2.2.2.2.2.1.1.1.1.1.1.1.2.1.1.1.1.1.1.1.1.2.2.1.2	FE0201A	VO1038	7.33880e-06		#3333ff	
2024.EXT.0725.1851.360_Bab_Brazil	2.2.2.2.2.2.2.1.1.1.1.1.1.1.2.1.1.1.1.1.1.1.1.2.2.2	FE0201C	VO103G	7.64460e-06		#3333ff	
2024.EXT.0725.2146.200_Bab_Argentina	2.2.2.2.2.2.2.1.1.1.1.1.1.1.2.1.1.1.1.1.1.1.2	FE0202	VO104	7.64460e-06		#3333ff	
n323	2.2.2.2.2.2.2.1.1.1.1.1.1.1.2.1.1.1.1.1.1.2	FE0204	VO108	3.66940e-06	100	#3333ff	
2024.EXT.0725.2138.020_Bab_Argentina	2.2.2.2.2.2.2.1.1.1.1.1.1.1.2.1.1.1.1.1.1.2.1	FE0204	VO108	6.42140e-06		#3333ff	
2024.EXT.0725.2150.000_Bab_Portugal	2.2.2.2.2.2.2.1.1.1.1.1.1.1.2.1.1.1.1.1.1.2.2	FE0206	VO10C	8.25620e-06		#3333ff	
n326	2.2.2.2.2.2.2.1.1.1.1.1.1.1.2.1.1.1.1.1.2	FE0208	VO10G	3.06000e-08	55	#3333ff	
2024.EXT.0725.1438.140_Bab_Iran	2.2.2.2.2.2.2.1.1.1.1.1.1.1.2.1.1.1.1.1.2.1	FE0208	VO10G	6.11570e-06		#3333ff	
n328	2.2.2.2.2.2.2.1.1.1.1.1.1.1.2.1.1.1.1.1.2.2	FE020C	VO10O	3.36360e-06	100	#3333ff	
2024.EXT.0725.1508.020_Bab_United_Kingdom	2.2.2.2.2.2.2.1.1.1.1.1.1.1.2.1.1.1.1.1.2.2.1	FE020C	VO10O	6.11570e-06		#3333ff	
2024.EXT.0725.1645.450_Bab_Egypt	2.2.2.2.2.2.2.1.1.1.1.1.1.1.2.1.1.1.1.1.2.2.2	FE020E	VO10S	6.42140e-06		#3333ff	
n331	2.2.2.2.2.2.2.1.1.1.1.1.1.1.2.1.1.1.1.2	FE021	VO11	1.22310e-06	99	#3333ff	
n332	2.2.2.2.2.2.2.1.1.1.1.1.1.1.2.1.1.1.1.2.1	FE0210	VO110	3.06000e-08	46	#3333ff	
n333	2.2.2.2.2.2.2.1.1.1.1.1.1.1.2.1.1.1.1.2.1.1	FE0210	VO110	3.36360e-06	100	#3333ff	
n334	2.2.2.2.2.2.2.1.1.1.1.1.1.1.2.1.1.1.1.2.1.1.1	FE0210	VO110	1.52890e-06	99	#3333ff	
n335	2.2.2.2.2.2.2.1.1.1.1.1.1.1.2.1.1.1.1.2.1.1.1.1	FE0210	VO110	3.06000e-08	72	#3333ff	
2024.EXT.0725.1407.540_Bab_Costa_Rica	2.2.2.2.2.2.2.1.1.1.1.1.1.1.2.1.1.1.1.2.1.1.1.1.1	FE02100	VO110	5.19830e-06		#3333ff	
2024.EXT.0725.1625.570_Bab_United_States	2.2.2.2.2.2.2.1.1.1.1.1.1.1.2.1.1.1.1.2.1.1.1.1.2	FE02108	VO111	4.28090e-06		#3333ff	
n338	2.2.2.2.2.2.2.1.1.1.1.1.1.1.2.1.1.1.1.2.1.1.1.2	FE0211	VO112	3.05800e-07	61	#3333ff	
n339	2.2.2.2.2.2.2.1.1.1.1.1.1.1.2.1.1.1.1.2.1.1.1.2.1	FE02110	VO112	3.06000e-08	68	#3333ff	
2024.EXT.0725.1603.140_Bab_United_States	2.2.2.2.2.2.2.1.1.1.1.1.1.1.2.1.1.1.1.2.1.1.1.2.1.1	FE02110	VO1120	5.50410e-06		#3333ff	
2024.EXT.0725.1629.510_Bab_United_States	2.2.2.2.2.2.2.1.1.1.1.1.1.1.2.1.1.1.1.2.1.1.1.2.1.2	FE02114	VO112G	3.66940e-06		#3333ff	
2024.EXT.0725.1630.540_Bab_United_States	2.2.2.2.2.2.2.1.1.1.1.1.1.1.2.1.1.1.1.2.1.1.1.2.2	FE02118	VO113	3.05780e-06		#3333ff	
n343	2.2.2.2.2.2.2.1.1.1.1.1.1.1.2.1.1.1.1.2.1.1.2	FE0212	VO114	6.11600e-07	92	#3333ff	
2024.EXT.0725.1626.460_Bab_United_States	2.2.2.2.2.2.2.1.1.1.1.1.1.1.2.1.1.1.1.2.1.1.2.1	FE0212	VO114	6.72720e-06		#3333ff	
2024.EXT.0725.1626.540_Bab_United_States	2.2.2.2.2.2.2.1.1.1.1.1.1.1.2.1.1.1.1.2.1.1.2.2	FE0213	VO116	6.11570e-06		#3333ff	
n346	2.2.2.2.2.2.2.1.1.1.1.1.1.1.2.1.1.1.1.2.1.2	FE0214	VO118	1.22310e-06	98	#3333ff	
n347	2.2.2.2.2.2.2.1.1.1.1.1.1.1.2.1.1.1.1.2.1.2.1	FE0214	VO118	1.22310e-06	99	#3333ff	
n348	2.2.2.2.2.2.2.1.1.1.1.1.1.1.2.1.1.1.1.2.1.2.1.1	FE0214	VO118	3.06000e-08	72	#3333ff	
2024.EXT.0725.1625.480_Bab_United_States	2.2.2.2.2.2.2.1.1.1.1.1.1.1.2.1.1.1.1.2.1.2.1.1.1	FE02140	VO118	7.64460e-06		#3333ff	
2024.EXT.0725.1628.050_Bab_United_States	2.2.2.2.2.2.2.1.1.1.1.1.1.1.2.1.1.1.1.2.1.2.1.1.2	FE02148	VO119	5.50410e-06		#3333ff	
n351	2.2.2.2.2.2.2.1.1.1.1.1.1.1.2.1.1.1.1.2.1.2.1.2	FE0215	VO11A	3.06000e-08	71	#3333ff	
2024.EXT.0725.2007.550_Bab_United_States	2.2.2.2.2.2.2.1.1.1.1.1.1.1.2.1.1.1.1.2.1.2.1.2.1	FE02150	VO11A	4.89250e-06		#3333ff	
2024.EXT.0725.2008.080_Bab_United_States	2.2.2.2.2.2.2.1.1.1.1.1.1.1.2.1.1.1.1.2.1.2.1.2.2	FE02158	VO11B	3.97520e-06		#3333ff	
n354	2.2.2.2.2.2.2.1.1.1.1.1.1.1.2.1.1.1.1.2.1.2.2	FE0216	VO11C	2.44620e-06	100	#3333ff	
2024.EXT.0725.2135.210_Bab_United_Kingdom	2.2.2.2.2.2.2.1.1.1.1.1.1.1.2.1.1.1.1.2.1.2.2.1	FE0216	VO11C	4.58670e-06		#3333ff	
2024.EXT.0725.2159.140_Bab_United_Kingdom	2.2.2.2.2.2.2.1.1.1.1.1.1.1.2.1.1.1.1.2.1.2.2.2	FE0217	VO11E	4.28090e-06		#3333ff	
n357	2.2.2.2.2.2.2.1.1.1.1.1.1.1.2.1.1.1.1.2.2	FE0218	VO11G	3.97520e-06	100	#3333ff	
n358	2.2.2.2.2.2.2.1.1.1.1.1.1.1.2.1.1.1.1.2.2.1	FE0218	VO11G	3.05800e-07	66	#3333ff	
n359	2.2.2.2.2.2.2.1.1.1.1.1.1.1.2.1.1.1.1.2.2.1.1	FE0218	VO11G	6.11600e-07	91	#3333ff	
2024.EXT.0725.2004.390_Bab_United_States	2.2.2.2.2.2.2.1.1.1.1.1.1.1.2.1.1.1.1.2.2.1.1.1	FE0218	VO11G	4.28090e-06		#3333ff	
2024.EXT.0725.2013.520_Bab_United_States	2.2.2.2.2.2.2.1.1.1.1.1.1.1.2.1.1.1.1.2.2.1.1.2	FE0219	VO11I	4.89250e-06		#3333ff	
2024.EXT.0725.2018.480_Bab_United_States	2.2.2.2.2.2.2.1.1.1.1.1.1.1.2.1.1.1.1.2.2.1.2	FE021A	VO11K	5.50410e-06		#3333ff	
2024.EXT.0725.2006.360_Bab_United_States	2.2.2.2.2.2.2.1.1.1.1.1.1.1.2.1.1.1.1.2.2.2	FE021C	VO11O	5.50410e-06		#3333ff	
n364	2.2.2.2.2.2.2.1.1.1.1.1.1.1.2.1.1.1.2	FE022	VO12	4.58670e-06	100	#3333ff	
2024.EXT.0725.1603.580_Bab_United_States	2.2.2.2.2.2.2.1.1.1.1.1.1.1.2.1.1.1.2.1	FE022	VO12	7.64460e-06		#3333ff	
n366	2.2.2.2.2.2.2.1.1.1.1.1.1.1.2.1.1.1.2.2	FE023	VO13	3.05800e-07	66	#3333ff	
n367	2.2.2.2.2.2.2.1.1.1.1.1.1.1.2.1.1.1.2.2.1	FE0230	VO130	3.06000e-08	80	#3333ff	
2024.EXT.0725.1629.580_Bab_United_States	2.2.2.2.2.2.2.1.1.1.1.1.1.1.2.1.1.1.2.2.1.1	FE0230	VO130	7.33880e-06		#3333ff	
2024.EXT.0725.1631.030_Bab_United_States	2.2.2.2.2.2.2.1.1.1.1.1.1.1.2.1.1.1.2.2.1.2	FE0234	VO138	9.78510e-06		#3333ff	
n370	2.2.2.2.2.2.2.1.1.1.1.1.1.1.2.1.1.1.2.2.2	FE0238	VO13G	4.58670e-06	100	#3333ff	
2024.EXT.0725.1956.040_Bab_United_States	2.2.2.2.2.2.2.1.1.1.1.1.1.1.2.1.1.1.2.2.2.1	FE0238	VO13G	3.66940e-06		#3333ff	
2024.EXT.0725.2005.020_Bab_United_States	2.2.2.2.2.2.2.1.1.1.1.1.1.1.2.1.1.1.2.2.2.2	FE023C	VO13O	3.05780e-06		#3333ff	
2024.EXT.0725.1628.440_Bab_United_States	2.2.2.2.2.2.2.1.1.1.1.1.1.1.2.1.1.2	FE024	VO14	1.10082e-05		#3333ff	
2024.EXT.0725.1649.360_Bab_Egypt	2.2.2.2.2.2.2.1.1.1.1.1.1.1.2.1.2	FE028	VO18	1.59324e-05		#3333ff	
n375	2.2.2.2.2.2.2.1.1.1.1.1.1.1.2.2	FE03	VO1G	1.83470e-06	100	#3333ff	
n376	2.2.2.2.2.2.2.1.1.1.1.1.1.1.2.2.1	FE030	VO1G	3.05780e-06	100	#3333ff	
n377	2.2.2.2.2.2.2.1.1.1.1.1.1.1.2.2.1.1	FE030	VO1G	1.22310e-06	99	#3333ff	
2024.EXT.0725.1505.510_Bab_United_Kingdom	2.2.2.2.2.2.2.1.1.1.1.1.1.1.2.2.1.1.1	FE030	VO1G	1.71582e-05		#3333ff	
n379	2.2.2.2.2.2.2.1.1.1.1.1.1.1.2.2.1.1.2	FE032	VO1I	6.11600e-07	96	#3333ff	
n380	2.2.2.2.2.2.2.1.1.1.1.1.1.1.2.2.1.1.2.1	FE032	VO1I	3.66940e-06	100	#3333ff	
n381	2.2.2.2.2.2.2.1.1.1.1.1.1.1.2.2.1.1.2.1.1	FE0320	VO1I0	3.36360e-06	100	#3333ff	
n382	2.2.2.2.2.2.2.1.1.1.1.1.1.1.2.2.1.1.2.1.1.1	FE0320	VO1I0	3.06000e-08	79	#3333ff	
2024.EXT.0725.2137.190_Bab_Mozambique	2.2.2.2.2.2.2.1.1.1.1.1.1.1.2.2.1.1.2.1.1.1.1	FE0320	VO1I0	6.11570e-06		#3333ff	
2024.EXT.0725.2201.480_Bab_Zimbabwe	2.2.2.2.2.2.2.1.1.1.1.1.1.1.2.2.1.1.2.1.1.1.2	FE0322	VO1I4	5.50410e-06		#3333ff	
2024.EXT.0725.2138.420_Bab_India	2.2.2.2.2.2.2.1.1.1.1.1.1.1.2.2.1.1.2.1.1.2	FE0324	VO1I8	3.36360e-06		#3333ff	
2024.EXT.0725.2154.220_Bab_United_Kingdom	2.2.2.2.2.2.2.1.1.1.1.1.1.1.2.2.1.1.2.1.2	FE0328	VO1IG	7.33880e-06		#3333ff	
2024.EXT.0725.2139.270_Bab_Kosovo	2.2.2.2.2.2.2.1.1.1.1.1.1.1.2.2.1.1.2.2	FE033	VO1J	8.25620e-06		#3333ff	
2024.EXT.0725.2137.270_Bab_New_Zealand	2.2.2.2.2.2.2.1.1.1.1.1.1.1.2.2.1.2	FE034	VO1K	8.86770e-06		#3333ff	
2024.EXT.0725.1836.060_Bab_United_States	2.2.2.2.2.2.2.1.1.1.1.1.1.1.2.2.2	FE038	VO1O	1.56260e-05		#3333ff	
n390	2.2.2.2.2.2.2.1.1.1.1.1.1.2	FE04	VO2	9.17350e-06	100	#3333ff	
n391	2.2.2.2.2.2.2.1.1.1.1.1.1.2.1	FE04	VO2	1.07025e-05	100	#3333ff	
2024.EXT.0725.1407.590_Bab_Costa_Rica	2.2.2.2.2.2.2.1.1.1.1.1.1.2.1.1	FE04	VO20	9.47930e-06		#3333ff	
n393	2.2.2.2.2.2.2.1.1.1.1.1.1.2.1.2	FE05	VO2G	3.06000e-08	53	#3333ff	
n394	2.2.2.2.2.2.2.1.1.1.1.1.1.2.1.2.1	FE050	VO2G	6.11600e-07	86	#3333ff	
n395	2.2.2.2.2.2.2.1.1.1.1.1.1.2.1.2.1.1	FE050	VO2G	3.05800e-07	67	#3333ff	
n396	2.2.2.2.2.2.2.1.1.1.1.1.1.2.1.2.1.1.1	FE050	VO2G	2.44620e-06	100	#3333ff	
2024.EXT.0725.1626.250_Bab_United_States	2.2.2.2.2.2.2.1.1.1.1.1.1.2.1.2.1.1.1.1	FE050	VO2G	3.97520e-06		#3333ff	
2024.EXT.0725.1630.050_Bab_United_States	2.2.2.2.2.2.2.1.1.1.1.1.1.2.1.2.1.1.1.2	FE051	VO2H	3.97520e-06		#3333ff	
n399	2.2.2.2.2.2.2.1.1.1.1.1.1.2.1.2.1.1.2	FE052	VO2I	3.06000e-08	50	#3333ff	
2024.EXT.0725.1837.480_Bab_Canada	2.2.2.2.2.2.2.1.1.1.1.1.1.2.1.2.1.1.2.1	FE052	VO2I	6.72720e-06		#3333ff	
2024.EXT.0725.2229.030_Bab_United_States	2.2.2.2.2.2.2.1.1.1.1.1.1.2.1.2.1.1.2.2	FE053	VO2J	4.89250e-06		#3333ff	
2024.EXT.0725.1626.380_Bab_United_States	2.2.2.2.2.2.2.1.1.1.1.1.1.2.1.2.1.2	FE054	VO2K	7.33880e-06		#3333ff	
2024.EXT.0725.1846.030_Bab_Brazil	2.2.2.2.2.2.2.1.1.1.1.1.1.2.1.2.2	FE058	VO2O	5.80990e-06		#3333ff	
n404	2.2.2.2.2.2.2.1.1.1.1.1.1.2.2	FE06	VO3	2.44620e-06	100	#3333ff	
2024.EXT.0725.1601.390_Bab	2.2.2.2.2.2.2.1.1.1.1.1.1.2.2.1	FE06	VO30	1.03967e-05		#3333ff	
2024.EXT.0725.2136.400_Bab_United_Kingdom	2.2.2.2.2.2.2.1.1.1.1.1.1.2.2.2	FE07	VO3G	8.56190e-06		#3333ff	
n407	2.2.2.2.2.2.2.1.1.1.1.1.2	FE08	VO4	2.23629e-05	100	#ff3366	
n408	2.2.2.2.2.2.2.1.1.1.1.1.2.1	FE08	VO4	9.47930e-06	100	#ff3366	
n409	2.2.2.2.2.2.2.1.1.1.1.1.2.1.1	FE08	VO4	2.14050e-06	100	#ff3366	
2024.EXT.0725.1833.140_Bab_Kazakhstan	2.2.2.2.2.2.2.1.1.1.1.1.2.1.1.1	FE08	VO40	1.68530e-05		#ff3366	
n411	2.2.2.2.2.2.2.1.1.1.1.1.2.1.1.2	FE09	VO4G	2.14050e-06	100	#ff3366	
2024.EXT.0725.1837.200_Bab_France	2.2.2.2.2.2.2.1.1.1.1.1.2.1.1.2.1	FE090	VO4G	1.37604e-05		#ff3366	
2024.EXT.0725.2201.090_Bab_Spain	2.2.2.2.2.2.2.1.1.1.1.1.2.1.1.2.2	FE098	VO4O	1.71584e-05		#ff3366	
2024.EXT.0725.2140.190_Bab_Poland	2.2.2.2.2.2.2.1.1.1.1.1.2.1.2	FE0A	VO5	2.11356e-05		#ff3366	
n415	2.2.2.2.2.2.2.1.1.1.1.1.2.2	FE0C	VO6	1.25372e-05	100	#ff3366	
n416	2.2.2.2.2.2.2.1.1.1.1.1.2.2.1	FE0C	VO6	7.64460e-06	100	#ff3366	
n417	2.2.2.2.2.2.2.1.1.1.1.1.2.2.1.1	FE0C	VO60	3.05800e-07	79	#ff3366	
n418	2.2.2.2.2.2.2.1.1.1.1.1.2.2.1.1.1	FE0C0	VO60	3.05800e-07	81	#ff3366	
2024.EXT.0725.1836.320_Bab_Italy	2.2.2.2.2.2.2.1.1.1.1.1.2.2.1.1.1.1	FE0C0	VO60	5.50410e-06		#ff3366	
2024.EXT.0725.1836.360_Bab_Italy	2.2.2.2.2.2.2.1.1.1.1.1.2.2.1.1.1.2	FE0C4	VO64	7.33880e-06		#ff3366	
2024.EXT.0725.1837.030_Bab_France	2.2.2.2.2.2.2.1.1.1.1.1.2.2.1.1.2	FE0C8	VO68	4.89250e-06		#ff3366	
2024.EXT.0725.1922.460_Bab_Italy	2.2.2.2.2.2.2.1.1.1.1.1.2.2.1.2	FE0D	VO6G	8.56190e-06		#ff3366	
2024.EXT.0725.1837.120_Bab_France	2.2.2.2.2.2.2.1.1.1.1.1.2.2.2	FE0E	VO7	1.43719e-05		#ff3366	
2024.EXT.0725.2200.590_Bab_Poland	2.2.2.2.2.2.2.1.1.1.1.2	FE1	VO8	6.58701e-05		#333333	
n425	2.2.2.2.2.2.2.1.1.1.2	FE2	VOG	4.35060e-05	100		
n426	2.2.2.2.2.2.2.1.1.1.2.1	FE2	VOG	2.75200e-06	100		
n427	2.2.2.2.2.2.2.1.1.1.2.1.1	FE20	VOG	3.64587e-05	100	#ff3333	
n428	2.2.2.2.2.2.2.1.1.1.2.1.1.1	FE20	VOG	3.05800e-07	72	#ff3333	
n429	2.2.2.2.2.2.2.1.1.1.2.1.1.1.1	FE20	VOG	3.05800e-07	69	#ff3333	
n430	2.2.2.2.2.2.2.1.1.1.2.1.1.1.1.1	FE20	VOG0	1.19256e-05	100	#ff3333	
n431	2.2.2.2.2.2.2.1.1.1.2.1.1.1.1.1.1	FE200	VOG0	3.27757e-05	100	#ff3333	
n432	2.2.2.2.2.2.2.1.1.1.2.1.1.1.1.1.1.1	FE200	VOG0	3.06000e-08	56	#ff3333	
n433	2.2.2.2.2.2.2.1.1.1.2.1.1.1.1.1.1.1.1	FE200	VOG0	6.11600e-07	85	#ff3333	
n434	2.2.2.2.2.2.2.1.1.1.2.1.1.1.1.1.1.1.1.1	FE200	VOG0	3.06000e-08	71	#ff3333	
2024.EXT.0725.1359.110_Bab	2.2.2.2.2.2.2.1.1.1.2.1.1.1.1.1.1.1.1.1.1	FE2000	VOG00	4.28090e-06		#ff3333	
n436	2.2.2.2.2.2.2.1.1.1.2.1.1.1.1.1.1.1.1.1.2	FE2008	VOG0G	3.05800e-07	69	#ff3333	
2024.EXT.0725.1853.360_Bab_Brazil	2.2.2.2.2.2.2.1.1.1.2.1.1.1.1.1.1.1.1.1.2.1	FE2008	VOG0G	3.36360e-06		#ff3333	
2024.EXT.0725.2140.260_Bab_Bolivia	2.2.2.2.2.2.2.1.1.1.2.1.1.1.1.1.1.1.1.1.2.2	FE200C	VOG0O	1.83470e-06		#ff3333	
2024.EXT.0725.1846.350_Bab_Brazil	2.2.2.2.2.2.2.1.1.1.2.1.1.1.1.1.1.1.1.2	FE201	VOG1	3.97520e-06		#ff3333	
2024.EXT.0725.1400.180_Bab	2.2.2.2.2.2.2.1.1.1.2.1.1.1.1.1.1.1.2	FE202	VOG2	3.66940e-06		#ff3333	
2024.EXT.0725.1400.110_Bab	2.2.2.2.2.2.2.1.1.1.2.1.1.1.1.1.1.2	FE204	VOG4	4.58670e-06		#ff3333	
n442	2.2.2.2.2.2.2.1.1.1.2.1.1.1.1.1.2	FE208	VOG8	7.03300e-06	100	#ff3333	
n443	2.2.2.2.2.2.2.1.1.1.2.1.1.1.1.1.2.1	FE208	VOG8	9.17350e-06	100	#ff3333	
2024.EXT.0725.2142.230_Bab_Thailand	2.2.2.2.2.2.2.1.1.1.2.1.1.1.1.1.2.1.1	FE208	VOG8	1.83780e-05		#ff3333	
2024.EXT.0725.2249.400_Bab_Bangladesh	2.2.2.2.2.2.2.1.1.1.2.1.1.1.1.1.2.1.2	FE20A	VOGA	1.43719e-05		#ff3333	
2024.EXT.0725.2201.450_Bab_India	2.2.2.2.2.2.2.1.1.1.2.1.1.1.1.1.2.2	FE20C	VOGC	2.78741e-05		#ff3333	
n447	2.2.2.2.2.2.2.1.1.1.2.1.1.1.1.2	FE21	VOGG	2.97134e-05	100	#ff3333	
2024.EXT.0725.1838.360_Bab_France	2.2.2.2.2.2.2.1.1.1.2.1.1.1.1.2.1	FE210	VOGG	6.11570e-06		#ff3333	
n449	2.2.2.2.2.2.2.1.1.1.2.1.1.1.1.2.2	FE218	VOGO	1.83470e-06	100	#ff3333	
2024.EXT.0725.2048.440_Bab	2.2.2.2.2.2.2.1.1.1.2.1.1.1.1.2.2.1	FE218	VOGO	6.11600e-07		#ff3333	
2024.EXT.0725.2200.470_Bab_United_Kingdom	2.2.2.2.2.2.2.1.1.1.2.1.1.1.1.2.2.2	FE21C	VOGS	2.14050e-06		#ff3333	
2024.EXT.0725.2049.210_Bab	2.2.2.2.2.2.2.1.1.1.2.1.1.1.2	FE22	VOH	3.58402e-05		#ff3333	
2024.EXT.0725.1838.480_Bab_France	2.2.2.2.2.2.2.1.1.1.2.1.1.2	FE24	VOI	4.28886e-05		#ff3333	
n454	2.2.2.2.2.2.2.1.1.1.2.1.2	FE28	VOK	3.36996e-05	100	#00ffcc	
2024.EXT.0725.2159.290_Bab_Greece	2.2.2.2.2.2.2.1.1.1.2.1.2.1	FE28	VOK	3.43102e-05		#00ffcc	
2025.EXT.0403.1410.150_Bab	2.2.2.2.2.2.2.1.1.1.2.1.2.2	FE2C	VOM	4.16619e-05		#00ffcc	
n457	2.2.2.2.2.2.2.1.1.1.2.2	FE3	VOO	2.02153e-05	100		
n458	2.2.2.2.2.2.2.1.1.1.2.2.1	FE30	VOO	3.73750e-05	100	#66ff33	
n459	2.2.2.2.2.2.2.1.1.1.2.2.1.1	FE30	VOO	9.17350e-06	100	#66ff33	
n460	2.2.2.2.2.2.2.1.1.1.2.2.1.1.1	FE30	VOO	9.17300e-07	97	#66ff33	
n461	2.2.2.2.2.2.2.1.1.1.2.2.1.1.1.1	FE30	VOO0	3.05800e-07	91	#66ff33	
n462	2.2.2.2.2.2.2.1.1.1.2.2.1.1.1.1.1	FE300	VOO0	6.11600e-07	88	#66ff33	
n463	2.2.2.2.2.2.2.1.1.1.2.2.1.1.1.1.1.1	FE300	VOO0	3.66940e-06	100	#66ff33	
n464	2.2.2.2.2.2.2.1.1.1.2.2.1.1.1.1.1.1.1	FE300	VOO0	7.64460e-06	100	#66ff33	
n465	2.2.2.2.2.2.2.1.1.1.2.2.1.1.1.1.1.1.1.1	FE300	VOO0	3.06000e-08	51	#66ff33	
n466	2.2.2.2.2.2.2.1.1.1.2.2.1.1.1.1.1.1.1.1.1	FE3000	VOO00	3.05800e-07	86	#66ff33	
2024.EXT.0725.1434.200_Bab	2.2.2.2.2.2.2.1.1.1.2.2.1.1.1.1.1.1.1.1.1.1	FE3000	VOO00	2.75200e-06		#66ff33	
2025.EXT.0403.1411.250_Bab	2.2.2.2.2.2.2.1.1.1.2.2.1.1.1.1.1.1.1.1.1.2	FE3004	VOO08	5.50410e-06		#66ff33	
2024.EXT.0725.2147.380_Bab_Egypt	2.2.2.2.2.2.2.1.1.1.2.2.1.1.1.1.1.1.1.1.2	FE3008	VOO0G	2.75200e-06		#66ff33	
n470	2.2.2.2.2.2.2.1.1.1.2.2.1.1.1.1.1.1.1.2	FE301	VOO1	6.11600e-07	94	#66ff33	
2024.EXT.0725.2200.330_Bab_Portugal	2.2.2.2.2.2.2.1.1.1.2.2.1.1.1.1.1.1.1.2.1	FE3010	VOO10	5.80990e-06		#66ff33	
2025.EXT.0409.1809.140_Bab	2.2.2.2.2.2.2.1.1.1.2.2.1.1.1.1.1.1.1.2.2	FE3018	VOO1G	4.28090e-06		#66ff33	
2024.EXT.0725.1829.400_Bab_Kazakhstan	2.2.2.2.2.2.2.1.1.1.2.2.1.1.1.1.1.1.2	FE302	VOO2	9.47930e-06		#66ff33	
n474	2.2.2.2.2.2.2.1.1.1.2.2.1.1.1.1.1.2	FE304	VOO4	3.97520e-06	100	#66ff33	
n475	2.2.2.2.2.2.2.1.1.1.2.2.1.1.1.1.1.2.1	FE304	VOO4	3.05800e-07	73	#66ff33	
n476	2.2.2.2.2.2.2.1.1.1.2.2.1.1.1.1.1.2.1.1	FE304	VOO4	6.11600e-07	89	#66ff33	
n477	2.2.2.2.2.2.2.1.1.1.2.2.1.1.1.1.1.2.1.1.1	FE3040	VOO40	3.66940e-06	100	#66ff33	
n478	2.2.2.2.2.2.2.1.1.1.2.2.1.1.1.1.1.2.1.1.1.1	FE3040	VOO40	1.83470e-06	100	#66ff33	
2024.EXT.0725.1829.350_Bab_Kazakhstan	2.2.2.2.2.2.2.1.1.1.2.2.1.1.1.1.1.2.1.1.1.1.1	FE3040	VOO40	4.28090e-06		#66ff33	
2024.EXT.0725.1831.370_Bab_Kazakhstan	2.2.2.2.2.2.2.1.1.1.2.2.1.1.1.1.1.2.1.1.1.1.2	FE3042	VOO44	6.11570e-06		#66ff33	
2024.EXT.0725.1830.590_Bab_Kazakhstan	2.2.2.2.2.2.2.1.1.1.2.2.1.1.1.1.1.2.1.1.1.2	FE3044	VOO48	5.80990e-06		#66ff33	
n482	2.2.2.2.2.2.2.1.1.1.2.2.1.1.1.1.1.2.1.1.2	FE3048	VOO4G	4.28090e-06	100	#66ff33	
n483	2.2.2.2.2.2.2.1.1.1.2.2.1.1.1.1.1.2.1.1.2.1	FE3048	VOO4G	3.36360e-06	100	#66ff33	
2024.EXT.0725.1830.130_Bab_Kazakhstan	2.2.2.2.2.2.2.1.1.1.2.2.1.1.1.1.1.2.1.1.2.1.1	FE3048	VOO4G	5.19830e-06		#66ff33	
2024.EXT.0725.1833.520_Bab_Kazakhstan	2.2.2.2.2.2.2.1.1.1.2.2.1.1.1.1.1.2.1.1.2.1.2	FE304A	VOO4K	3.97520e-06		#66ff33	
2024.EXT.0725.1830.260_Bab_Kazakhstan	2.2.2.2.2.2.2.1.1.1.2.2.1.1.1.1.1.2.1.1.2.2	FE304C	VOO4O	8.56190e-06		#66ff33	
n487	2.2.2.2.2.2.2.1.1.1.2.2.1.1.1.1.1.2.1.2	FE305	VOO5	3.97520e-06	100	#66ff33	
n488	2.2.2.2.2.2.2.1.1.1.2.2.1.1.1.1.1.2.1.2.1	FE3050	VOO50	1.22310e-06	99	#66ff33	
2024.EXT.0725.1831.090_Bab_Kazakhstan	2.2.2.2.2.2.2.1.1.1.2.2.1.1.1.1.1.2.1.2.1.1	FE3050	VOO50	3.36360e-06		#66ff33	
2024.EXT.0725.1833.400_Bab_Kazakhstan	2.2.2.2.2.2.2.1.1.1.2.2.1.1.1.1.1.2.1.2.1.2	FE3054	VOO58	3.66940e-06		#66ff33	
2024.EXT.0725.2141.180_Bab_Mongolia	2.2.2.2.2.2.2.1.1.1.2.2.1.1.1.1.1.2.1.2.2	FE3058	VOO5G	9.17350e-06		#66ff33	
n492	2.2.2.2.2.2.2.1.1.1.2.2.1.1.1.1.1.2.2	FE306	VOO6	3.97520e-06	100	#66ff33	
n493	2.2.2.2.2.2.2.1.1.1.2.2.1.1.1.1.1.2.2.1	FE306	VOO6	3.06000e-08	52	#66ff33	
n494	2.2.2.2.2.2.2.1.1.1.2.2.1.1.1.1.1.2.2.1.1	FE3060	VOO60	2.44620e-06	100	#66ff33	
n495	2.2.2.2.2.2.2.1.1.1.2.2.1.1.1.1.1.2.2.1.1.1	FE3060	VOO60	3.05780e-06	100	#66ff33	
n496	2.2.2.2.2.2.2.1.1.1.2.2.1.1.1.1.1.2.2.1.1.1.1	FE3060	VOO60	1.83470e-06	100	#66ff33	
2024.EXT.0725.1829.470_Bab_Kazakhstan	2.2.2.2.2.2.2.1.1.1.2.2.1.1.1.1.1.2.2.1.1.1.1.1	FE3060	VOO60	5.80990e-06		#66ff33	
2024.EXT.0725.1830.210_Bab_Kazakhstan	2.2.2.2.2.2.2.1.1.1.2.2.1.1.1.1.1.2.2.1.1.1.1.2	FE3061	VOO62	3.97520e-06		#66ff33	
2024.EXT.0725.1830.080_Bab_Kazakhstan	2.2.2.2.2.2.2.1.1.1.2.2.1.1.1.1.1.2.2.1.1.1.2	FE3062	VOO64	5.80990e-06		#66ff33	
2024.EXT.0725.1833.210_Bab_Kazakhstan	2.2.2.2.2.2.2.1.1.1.2.2.1.1.1.1.1.2.2.1.1.2	FE3064	VOO68	7.64460e-06		#66ff33	
2024.EXT.0725.1831.580_Bab_Kazakhstan	2.2.2.2.2.2.2.1.1.1.2.2.1.1.1.1.1.2.2.1.2	FE3068	VOO6G	1.40662e-05		#66ff33	
n502	2.2.2.2.2.2.2.1.1.1.2.2.1.1.1.1.1.2.2.2	FE307	VOO7	3.06000e-08	54	#66ff33	
2024.EXT.0725.1830.040_Bab_Kazakhstan	2.2.2.2.2.2.2.1.1.1.2.2.1.1.1.1.1.2.2.2.1	FE3070	VOO70	1.28430e-05		#66ff33	
2024.EXT.0725.1832.410_Bab_Kazakhstan	2.2.2.2.2.2.2.1.1.1.2.2.1.1.1.1.1.2.2.2.2	FE3078	VOO7G	9.17350e-06		#66ff33	
2024.EXT.0725.1830.170_Bab_Kazakhstan	2.2.2.2.2.2.2.1.1.1.2.2.1.1.1.1.2	FE308	VOO8	1.89904e-05		#66ff33	
n506	2.2.2.2.2.2.2.1.1.1.2.2.1.1.1.2	FE31	VOOG	3.06000e-08	94	#66ff33	
2024.EXT.0725.1829.270_Bab_Kazakhstan	2.2.2.2.2.2.2.1.1.1.2.2.1.1.1.2.1	FE310	VOOG	2.02155e-05		#66ff33	
n508	2.2.2.2.2.2.2.1.1.1.2.2.1.1.1.2.2	FE318	VOOO	1.31488e-05	100	#66ff33	
2024.EXT.0725.1834.040_Bab_Kazakhstan	2.2.2.2.2.2.2.1.1.1.2.2.1.1.1.2.2.1	FE318	VOOO	1.00909e-05		#66ff33	
n510	2.2.2.2.2.2.2.1.1.1.2.2.1.1.1.2.2.2	FE31C	VOOS	2.75200e-06	100	#66ff33	
2024.EXT.0725.1834.190_Bab_Kazakhstan	2.2.2.2.2.2.2.1.1.1.2.2.1.1.1.2.2.2.1	FE31C	VOOS	4.58670e-06		#66ff33	
2024.EXT.0725.1838.140_Bab_Mongolia	2.2.2.2.2.2.2.1.1.1.2.2.1.1.1.2.2.2.2	FE31E	VOOU	5.80990e-06		#66ff33	
n513	2.2.2.2.2.2.2.1.1.1.2.2.1.1.2	FE32	VOP	9.17300e-07	100	#66ff33	
2024.EXT.0725.1834.230_Bab_Kazakhstan	2.2.2.2.2.2.2.1.1.1.2.2.1.1.2.1	FE32	VOP0	2.38923e-05		#66ff33	
n515	2.2.2.2.2.2.2.1.1.1.2.2.1.1.2.2	FE33	VOPG	1.99102e-05	100	#66ff33	
2025.EXT.0403.1413.000_Bab	2.2.2.2.2.2.2.1.1.1.2.2.1.1.2.2.1	FE330	VOPG	3.05780e-06		#66ff33	
2025.EXT.0403.1414.510_Bab	2.2.2.2.2.2.2.1.1.1.2.2.1.1.2.2.2	FE338	VOPO	4.28090e-06		#66ff33	
n518	2.2.2.2.2.2.2.1.1.1.2.2.1.2	FE34	VOQ	3.97520e-06	100	#66ff33	
n519	2.2.2.2.2.2.2.1.1.1.2.2.1.2.1	FE34	VOQ	1.34546e-05	100	#66ff33	
2024.EXT.0725.1440.330_Bab_Iran	2.2.2.2.2.2.2.1.1.1.2.2.1.2.1.1	FE34	VOQ0	1.62391e-05		#66ff33	
2024.EXT.0725.2136.470_Bab_Israel	2.2.2.2.2.2.2.1.1.1.2.2.1.2.1.2	FE35	VOQG	1.13140e-05		#66ff33	
n522	2.2.2.2.2.2.2.1.1.1.2.2.1.2.2	FE36	VOR	3.66940e-06	100	#66ff33	
2024.EXT.0725.1440.560_Bab_Iran	2.2.2.2.2.2.2.1.1.1.2.2.1.2.2.1	FE36	VOR0	2.26672e-05		#66ff33	
2024.EXT.0725.1837.590_Bab_Turkey	2.2.2.2.2.2.2.1.1.1.2.2.1.2.2.2	FE37	VORG	2.23606e-05		#66ff33	
n525	2.2.2.2.2.2.2.1.1.1.2.2.2	FE38	VOS	5.39218e-05	100	#ffcc00	
2024.EXT.0725.2157.110_Bab_Iraq	2.2.2.2.2.2.2.1.1.1.2.2.2.1	FE38	VOS	5.50410e-06		#ffcc00	
2024.EXT.0725.2200.510_Bab_Uganda	2.2.2.2.2.2.2.1.1.1.2.2.2.2	FE3C	VOU	4.28090e-06		#ffcc00	
n528	2.2.2.2.2.2.2.1.1.2	FE4	VP	0.000190779	100		
n529	2.2.2.2.2.2.2.1.1.2.1	FE4	VP0	6.70653e-05	100	#ff00cc	
n530	2.2.2.2.2.2.2.1.1.2.1.1	FE4	VP0	5.13746e-05	100	#ff00cc	
n531	2.2.2.2.2.2.2.1.1.2.1.1.1	FE40	VP0	2.49054e-05	100	#ff00cc	
n532	2.2.2.2.2.2.2.1.1.2.1.1.1.1	FE40	VP0	5.72390e-06	100	#ff00cc	
2024.EXT.0725.1433.280_Bab	2.2.2.2.2.2.2.1.1.2.1.1.1.1.1	FE40	VP0	1.86839e-05		#ff00cc	
2024.EXT.0725.1840.090_Bab_Cameroon	2.2.2.2.2.2.2.1.1.2.1.1.1.1.2	FE42	VP1	2.35847e-05		#ff00cc	
n535	2.2.2.2.2.2.2.1.1.2.1.1.1.2	FE44	VP2	2.14050e-06	79	#ff00cc	
2024.EXT.0725.1434.410_Bab	2.2.2.2.2.2.2.1.1.2.1.1.1.2.1	FE44	VP2	2.93199e-05		#ff00cc	
2024.EXT.0725.1434.480_Bab	2.2.2.2.2.2.2.1.1.2.1.1.1.2.2	FE46	VP3	3.28609e-05		#ff00cc	
n538	2.2.2.2.2.2.2.1.1.2.1.1.2	FE48	VP4	2.91021e-05	100	#ff00cc	
n539	2.2.2.2.2.2.2.1.1.2.1.1.2.1	FE48	VP4	5.50410e-06	100	#ff00cc	
n540	2.2.2.2.2.2.2.1.1.2.1.1.2.1.1	FE48	VP4	9.17300e-07	96	#ff00cc	
n541	2.2.2.2.2.2.2.1.1.2.1.1.2.1.1.1	FE48	VP40	5.80990e-06	100	#ff00cc	
2024.EXT.0725.2136.100_Bab_Sudan	2.2.2.2.2.2.2.1.1.2.1.1.2.1.1.1.1	FE480	VP40	4.89250e-06		#ff00cc	
2024.EXT.0725.2139.250_Bab_Sudan	2.2.2.2.2.2.2.1.1.2.1.1.2.1.1.1.2	FE488	VP48	4.58670e-06		#ff00cc	
2024.EXT.0725.2200.430_Bab_Sudan	2.2.2.2.2.2.2.1.1.2.1.1.2.1.1.2	FE49	VP4G	1.46777e-05		#ff00cc	
n545	2.2.2.2.2.2.2.1.1.2.1.1.2.1.2	FE4A	VP5	9.17300e-07	98	#ff00cc	
2024.EXT.0725.2150.120_Bab_Chad	2.2.2.2.2.2.2.1.1.2.1.1.2.1.2.1	FE4A	VP50	1.25372e-05		#ff00cc	
2024.EXT.0725.2201.530_Bab_Nigeria	2.2.2.2.2.2.2.1.1.2.1.1.2.1.2.2	FE4B	VP5G	1.00909e-05		#ff00cc	
2024.EXT.0725.2202.230_Bab_Sudan	2.2.2.2.2.2.2.1.1.2.1.1.2.2	FE4C	VP6	1.71586e-05		#ff00cc	
n549	2.2.2.2.2.2.2.1.1.2.1.2	FE5	VP8	7.27482e-05	100	#ff00cc	
2024.EXT.0725.2046.410_Bab	2.2.2.2.2.2.2.1.1.2.1.2.1	FE50	VP8	1.83842e-05		#ff00cc	
2024.EXT.0725.2153.520_Bab_Zimbabwe	2.2.2.2.2.2.2.1.1.2.1.2.2	FE58	VPC	1.77357e-05		#ff00cc	
n552	2.2.2.2.2.2.2.1.1.2.2	FE6	VPG	0.000126896	100	#0000ff	
2024.EXT.0725.2140.120_Bab	2.2.2.2.2.2.2.1.1.2.2.1	FE6	VPG	3.55038e-05		#0000ff	
n554	2.2.2.2.2.2.2.1.1.2.2.2	FE7	VPO	1.68778e-05	100	#0000ff	
2024.EXT.0725.2158.260_Bab_Senegal	2.2.2.2.2.2.2.1.1.2.2.2.1	FE70	VPO	3.43086e-05		#0000ff	
2024.EXT.0725.2201.110_Bab_Nigeria	2.2.2.2.2.2.2.1.1.2.2.2.2	FE78	VPS	2.94070e-05		#0000ff	
n557	2.2.2.2.2.2.2.1.2	FE8	VQ	0.000303802	100	#33ffff	
2024.EXT.0725.1414.520_Bab_Ethiopia	2.2.2.2.2.2.2.1.2.1	FE8	VQ	7.63613e-05		#33ffff	
2024.EXT.0725.2201.150_Bpi_Kenya	2.2.2.2.2.2.2.1.2.2	FEC	VR	8.78625e-05		#33ffff	
n560	2.2.2.2.2.2.2.2	FF	VS	0.000423979	100		
n561	2.2.2.2.2.2.2.2.1	FF0	VS	0.000232707	100		
n562	2.2.2.2.2.2.2.2.1.1	FF0	VS	2.01820e-05	100		
n563	2.2.2.2.2.2.2.2.1.1.1	FF0	VS0	6.11570e-06	100		
n564	2.2.2.2.2.2.2.2.1.1.1.1	FF0	VS0	3.97520e-06	100		
n565	2.2.2.2.2.2.2.2.1.1.1.1.1	FF00	VS0	3.40149e-05	100		
n566	2.2.2.2.2.2.2.2.1.1.1.1.1.1	FF00	VS0	1.65455e-05	100	#33ffcc	
n567	2.2.2.2.2.2.2.2.1.1.1.1.1.1.1	FF00	VS0	2.44620e-06	100	#33ffcc	
n568	2.2.2.2.2.2.2.2.1.1.1.1.1.1.1.1	FF00	VS00	2.14050e-06	100	#33ffcc	
2024.EXT.0725.1515.230_Bme_Italy	2.2.2.2.2.2.2.2.1.1.1.1.1.1.1.1.1	FF000	VS00	5.80990e-06		#33ffcc	
n570	2.2.2.2.2.2.2.2.1.1.1.1.1.1.1.1.2	FF008	VS08	6.11600e-07	89	#33ffcc	
n571	2.2.2.2.2.2.2.2.1.1.1.1.1.1.1.1.2.1	FF008	VS08	9.17300e-07	96	#33ffcc	
n572	2.2.2.2.2.2.2.2.1.1.1.1.1.1.1.1.2.1.1	FF008	VS08	3.05800e-07	78	#33ffcc	
2024.EXT.0725.1519.550_Bme_Italy	2.2.2.2.2.2.2.2.1.1.1.1.1.1.1.1.2.1.1.1	FF008	VS08	5.50410e-06		#33ffcc	
2024.EXT.0725.1859.190_Bme_France	2.2.2.2.2.2.2.2.1.1.1.1.1.1.1.1.2.1.1.2	FF009	VS09	9.17300e-07		#33ffcc	
2024.EXT.0725.1546.110_Bme_Italy	2.2.2.2.2.2.2.2.1.1.1.1.1.1.1.1.2.1.2	FF00A	VS0A	3.66940e-06		#33ffcc	
2024.EXT.0725.1541.330_Bme_Italy	2.2.2.2.2.2.2.2.1.1.1.1.1.1.1.1.2.2	FF00C	VS0C	4.58670e-06		#33ffcc	
n577	2.2.2.2.2.2.2.2.1.1.1.1.1.1.1.2	FF01	VS0G	1.52890e-06	99	#33ffcc	
2024.EXT.0725.1911.050_Bme_Italy	2.2.2.2.2.2.2.2.1.1.1.1.1.1.1.2.1	FF010	VS0G	2.14050e-06		#33ffcc	
n579	2.2.2.2.2.2.2.2.1.1.1.1.1.1.1.2.2	FF018	VS0O	6.11570e-06	100	#33ffcc	
2024.EXT.0725.2217.100_Bme_Italy	2.2.2.2.2.2.2.2.1.1.1.1.1.1.1.2.2.1	FF018	VS0O	3.36360e-06		#33ffcc	
2024.EXT.0725.2217.160_Bme_Italy	2.2.2.2.2.2.2.2.1.1.1.1.1.1.1.2.2.2	FF01C	VS0S	3.05780e-06		#33ffcc	
n582	2.2.2.2.2.2.2.2.1.1.1.1.1.1.2	FF02	VS1	2.75200e-06	100	#33ffcc	
n583	2.2.2.2.2.2.2.2.1.1.1.1.1.1.2.1	FF02	VS10	5.50410e-06	100	#33ffcc	
2024.EXT.0725.1517.220_Bme_Italy	2.2.2.2.2.2.2.2.1.1.1.1.1.1.2.1.1	FF020	VS10	2.44620e-06		#33ffcc	
2024.EXT.0725.1547.500_Bme_Italy	2.2.2.2.2.2.2.2.1.1.1.1.1.1.2.1.2	FF028	VS18	4.89250e-06		#33ffcc	
2024.EXT.0725.1517.450_Bme_Italy	2.2.2.2.2.2.2.2.1.1.1.1.1.1.2.2	FF03	VS1G	7.64460e-06		#33ffcc	
n587	2.2.2.2.2.2.2.2.1.1.1.1.1.2	FF04	VS2	1.25372e-05	100	#ff3333	
n588	2.2.2.2.2.2.2.2.1.1.1.1.1.2.1	FF04	VS2	3.66940e-06	100	#ff3333	
n589	2.2.2.2.2.2.2.2.1.1.1.1.1.2.1.1	FF04	VS20	6.11600e-07	93	#ff3333	
n590	2.2.2.2.2.2.2.2.1.1.1.1.1.2.1.1.1	FF040	VS20	3.05800e-07	65	#ff3333	
n591	2.2.2.2.2.2.2.2.1.1.1.1.1.2.1.1.1.1	FF040	VS20	3.05800e-07	84	#ff3333	
2024.EXT.0725.1517.010_Bme_Italy	2.2.2.2.2.2.2.2.1.1.1.1.1.2.1.1.1.1.1	FF040	VS20	3.36360e-06		#ff3333	
2024.EXT.0725.2217.460_Bme_Italy	2.2.2.2.2.2.2.2.1.1.1.1.1.2.1.1.1.1.2	FF042	VS22	2.75200e-06		#ff3333	
2024.EXT.0725.2213.310_Bme_Italy	2.2.2.2.2.2.2.2.1.1.1.1.1.2.1.1.1.2	FF044	VS24	5.80990e-06		#ff3333	
2024.EXT.0725.2218.200_Bme_Italy	2.2.2.2.2.2.2.2.1.1.1.1.1.2.1.1.2	FF048	VS28	5.19830e-06		#ff3333	
2024.EXT.0725.1909.470_Bme_Italy	2.2.2.2.2.2.2.2.1.1.1.1.1.2.1.2	FF05	VS2G	4.58670e-06		#ff3333	
n597	2.2.2.2.2.2.2.2.1.1.1.1.1.2.2	FF06	VS3	6.11570e-06	100	#ff3333	
n598	2.2.2.2.2.2.2.2.1.1.1.1.1.2.2.1	FF06	VS30	1.52890e-06	100	#ff3333	
2024.EXT.0725.1518.340_Bme_Italy	2.2.2.2.2.2.2.2.1.1.1.1.1.2.2.1.1	FF060	VS30	3.66940e-06		#ff3333	
n600	2.2.2.2.2.2.2.2.1.1.1.1.1.2.2.1.2	FF068	VS38	9.17300e-07	96	#ff3333	
n601	2.2.2.2.2.2.2.2.1.1.1.1.1.2.2.1.2.1	FF068	VS38	1.22310e-06	99	#ff3333	
2024.EXT.0725.1907.400_Bme_Italy	2.2.2.2.2.2.2.2.1.1.1.1.1.2.2.1.2.1.1	FF068	VS38	4.28090e-06		#ff3333	
2024.EXT.0725.2213.020_Bme_Italy	2.2.2.2.2.2.2.2.1.1.1.1.1.2.2.1.2.1.2	FF06A	VS3A	2.44620e-06		#ff3333	
2024.EXT.0725.2213.110_Bme_Italy	2.2.2.2.2.2.2.2.1.1.1.1.1.2.2.1.2.2	FF06C	VS3C	3.36360e-06		#ff3333	
n605	2.2.2.2.2.2.2.2.1.1.1.1.1.2.2.2	FF07	VS3G	3.05800e-07	63	#ff3333	
n606	2.2.2.2.2.2.2.2.1.1.1.1.1.2.2.2.1	FF070	VS3G	2.75200e-06	100	#ff3333	
n607	2.2.2.2.2.2.2.2.1.1.1.1.1.2.2.2.1.1	FF070	VS3G	3.05800e-07	90	#ff3333	
n608	2.2.2.2.2.2.2.2.1.1.1.1.1.2.2.2.1.1.1	FF070	VS3G	3.06000e-08	59	#ff3333	
2024.EXT.0725.1520.450_Bme_Italy	2.2.2.2.2.2.2.2.1.1.1.1.1.2.2.2.1.1.1.1	FF070	VS3G	3.05780e-06		#ff3333	
2024.EXT.0725.1828.480_Bme_Italy	2.2.2.2.2.2.2.2.1.1.1.1.1.2.2.2.1.1.1.2	FF071	VS3H	4.58670e-06		#ff3333	
2024.EXT.0725.1520.510_Bme_Italy	2.2.2.2.2.2.2.2.1.1.1.1.1.2.2.2.1.1.2	FF072	VS3I	3.36360e-06		#ff3333	
2024.EXT.0725.2213.150_Bme_Italy	2.2.2.2.2.2.2.2.1.1.1.1.1.2.2.2.1.2	FF074	VS3K	4.89250e-06		#ff3333	
n613	2.2.2.2.2.2.2.2.1.1.1.1.1.2.2.2.2	FF078	VS3O	6.11600e-07	91	#ff3333	
2024.EXT.0725.1547.390_Bme_Italy	2.2.2.2.2.2.2.2.1.1.1.1.1.2.2.2.2.1	FF078	VS3O	6.11570e-06		#ff3333	
2024.EXT.0725.2211.480_Bme_Italy	2.2.2.2.2.2.2.2.1.1.1.1.1.2.2.2.2.2	FF07C	VS3S	4.28090e-06		#ff3333	
2024.EXT.0725.1519.270_Bme_Italy	2.2.2.2.2.2.2.2.1.1.1.1.2	FF08	VS4	5.88355e-05		#33ff33	
n617	2.2.2.2.2.2.2.2.1.1.1.2	FF1	VS8	2.60452e-05	100	#6666ff	
n618	2.2.2.2.2.2.2.2.1.1.1.2.1	FF10	VS8	1.03967e-05	100	#6666ff	
n619	2.2.2.2.2.2.2.2.1.1.1.2.1.1	FF10	VS8	2.75200e-06	100	#6666ff	
2024.EXT.0725.1534.330_Bme_Italy	2.2.2.2.2.2.2.2.1.1.1.2.1.1.1	FF10	VS8	2.26741e-05		#6666ff	
2024.EXT.0725.2211.520_Bme_Italy	2.2.2.2.2.2.2.2.1.1.1.2.1.1.2	FF12	VS9	1.86907e-05		#6666ff	
n622	2.2.2.2.2.2.2.2.1.1.1.2.1.2	FF14	VSA	4.58670e-06	100	#6666ff	
n623	2.2.2.2.2.2.2.2.1.1.1.2.1.2.1	FF14	VSA	1.22310e-06	99	#6666ff	
2024.EXT.0725.1543.170_Bme_Italy	2.2.2.2.2.2.2.2.1.1.1.2.1.2.1.1	FF14	VSA0	1.80775e-05		#6666ff	
n625	2.2.2.2.2.2.2.2.1.1.1.2.1.2.1.2	FF15	VSAG	1.19256e-05	100	#6666ff	
2024.EXT.0725.2212.210_Bme_Italy	2.2.2.2.2.2.2.2.1.1.1.2.1.2.1.2.1	FF150	VSAG	7.03300e-06		#6666ff	
2024.EXT.0725.2212.280_Bme_Italy	2.2.2.2.2.2.2.2.1.1.1.2.1.2.1.2.2	FF158	VSAO	3.36360e-06		#6666ff	
n628	2.2.2.2.2.2.2.2.1.1.1.2.1.2.2	FF16	VSB	1.22310e-06	99	#6666ff	
2024.EXT.0725.1704.320_Bme_United_States	2.2.2.2.2.2.2.2.1.1.1.2.1.2.2.1	FF16	VSB0	1.62389e-05		#6666ff	
n630	2.2.2.2.2.2.2.2.1.1.1.2.1.2.2.2	FF17	VSBG	1.03967e-05	100	#6666ff	
n631	2.2.2.2.2.2.2.2.1.1.1.2.1.2.2.2.1	FF170	VSBG	3.06000e-08	22	#6666ff	
n632	2.2.2.2.2.2.2.2.1.1.1.2.1.2.2.2.1.1	FF170	VSBG	3.06000e-08	17	#6666ff	
n633	2.2.2.2.2.2.2.2.1.1.1.2.1.2.2.2.1.1.1	FF170	VSBG	9.17300e-07	99	#6666ff	
n634	2.2.2.2.2.2.2.2.1.1.1.2.1.2.2.2.1.1.1.1	FF170	VSBG	4.28090e-06	100	#6666ff	
2024.EXT.0725.1856.420_Bme_France	2.2.2.2.2.2.2.2.1.1.1.2.1.2.2.2.1.1.1.1.1	FF1700	VSBG0	5.19830e-06		#6666ff	
2024.EXT.0725.1903.570_Bme_Belgium	2.2.2.2.2.2.2.2.1.1.1.2.1.2.2.2.1.1.1.1.2	FF1708	VSBGG	4.89250e-06		#6666ff	
2024.EXT.0725.1905.380_Bme_France	2.2.2.2.2.2.2.2.1.1.1.2.1.2.2.2.1.1.1.2	FF171	VSBH	5.50410e-06		#6666ff	
2024.EXT.0725.1900.510_Bme_France	2.2.2.2.2.2.2.2.1.1.1.2.1.2.2.2.1.1.2	FF172	VSBI	6.42140e-06		#6666ff	
n639	2.2.2.2.2.2.2.2.1.1.1.2.1.2.2.2.1.2	FF174	VSBK	3.06000e-08	22	#6666ff	
n640	2.2.2.2.2.2.2.2.1.1.1.2.1.2.2.2.1.2.1	FF174	VSBK	1.52890e-06	100	#6666ff	
2024.EXT.0725.1859.280_Bme_France	2.2.2.2.2.2.2.2.1.1.1.2.1.2.2.2.1.2.1.1	FF174	VSBK	5.50410e-06		#6666ff	
2024.EXT.0725.1904.160_Bme_France	2.2.2.2.2.2.2.2.1.1.1.2.1.2.2.2.1.2.1.2	FF175	VSBL	3.97520e-06		#6666ff	
2024.EXT.0725.2307.450_Bme_Sweden	2.2.2.2.2.2.2.2.1.1.1.2.1.2.2.2.1.2.2	FF176	VSBM	6.11570e-06		#6666ff	
2024.EXT.0725.1900.270_Bme_France	2.2.2.2.2.2.2.2.1.1.1.2.1.2.2.2.2	FF178	VSBO	8.86770e-06		#6666ff	
2024.EXT.0725.2046.040_Bme	2.2.2.2.2.2.2.2.1.1.1.2.2	FF18	VSC	1.68523e-05		#6666ff	
n646	2.2.2.2.2.2.2.2.1.1.2	FF2	VSG	3.12576e-05	100		
n647	2.2.2.2.2.2.2.2.1.1.2.1	FF2	VSG	1.49835e-05	100	#66ff00	
n648	2.2.2.2.2.2.2.2.1.1.2.1.1	FF20	VSG	6.42140e-06	100	#99ff33	
n649	2.2.2.2.2.2.2.2.1.1.2.1.1.1	FF20	VSG	7.64460e-06	100	#99ff33	
n650	2.2.2.2.2.2.2.2.1.1.2.1.1.1.1	FF20	VSG	4.28090e-06	100	#99ff33	
n651	2.2.2.2.2.2.2.2.1.1.2.1.1.1.1.1	FF20	VSG0	7.03300e-06	100	#99ff33	
n652	2.2.2.2.2.2.2.2.1.1.2.1.1.1.1.1.1	FF200	VSG0	3.05800e-07	84	#99ff33	
2024.EXT.0725.1517.350_Bme_Italy	2.2.2.2.2.2.2.2.1.1.2.1.1.1.1.1.1.1	FF200	VSG0	3.97520e-06		#99ff33	
n654	2.2.2.2.2.2.2.2.1.1.2.1.1.1.1.1.1.2	FF204	VSG4	3.06000e-08	63	#99ff33	
2024.EXT.0725.1533.500_Bme_Italy	2.2.2.2.2.2.2.2.1.1.2.1.1.1.1.1.1.2.1	FF204	VSG4	3.05780e-06		#99ff33	
2024.EXT.0725.1535.120_Bme_Italy	2.2.2.2.2.2.2.2.1.1.2.1.1.1.1.1.1.2.2	FF206	VSG6	5.80990e-06		#99ff33	
n657	2.2.2.2.2.2.2.2.1.1.2.1.1.1.1.1.2	FF208	VSG8	1.83470e-06	100	#99ff33	
n658	2.2.2.2.2.2.2.2.1.1.2.1.1.1.1.1.2.1	FF208	VSG8	3.06000e-08	42	#99ff33	
2024.EXT.0725.1519.100_Bme_Italy	2.2.2.2.2.2.2.2.1.1.2.1.1.1.1.1.2.1.1	FF208	VSG8	3.05780e-06		#99ff33	
2024.EXT.0725.1818.220_Bme_Italy	2.2.2.2.2.2.2.2.1.1.2.1.1.1.1.1.2.1.2	FF20A	VSGA	1.52890e-06		#99ff33	
2024.EXT.0725.1817.520_Bme_Italy	2.2.2.2.2.2.2.2.1.1.2.1.1.1.1.1.2.2	FF20C	VSGC	3.97520e-06		#99ff33	
2024.EXT.0725.2204.330_Bme_Italy	2.2.2.2.2.2.2.2.1.1.2.1.1.1.1.2	FF21	VSGG	9.17350e-06		#99ff33	
2024.EXT.0725.1519.050_Bme_Italy	2.2.2.2.2.2.2.2.1.1.2.1.1.1.2	FF22	VSH	1.16198e-05		#99ff33	
n664	2.2.2.2.2.2.2.2.1.1.2.1.1.2	FF24	VSI	2.11417e-05	100	#99ff33	
2024.EXT.0725.1600.140_Bme	2.2.2.2.2.2.2.2.1.1.2.1.1.2.1	FF24	VSI	4.89250e-06		#99ff33	
2024.EXT.0725.1908.070_Bme_Tunisia	2.2.2.2.2.2.2.2.1.1.2.1.1.2.2	FF26	VSJ	4.28090e-06		#99ff33	
n667	2.2.2.2.2.2.2.2.1.1.2.1.2	FF28	VSK	1.80777e-05	100	#ff00cc	
n668	2.2.2.2.2.2.2.2.1.1.2.1.2.1	FF28	VSK	3.05780e-06	100	#ff00cc	
n669	2.2.2.2.2.2.2.2.1.1.2.1.2.1.1	FF28	VSK	3.06000e-08	69	#ff00cc	
n670	2.2.2.2.2.2.2.2.1.1.2.1.2.1.1.1	FF28	VSK0	3.97520e-06	100	#ff00cc	
n671	2.2.2.2.2.2.2.2.1.1.2.1.2.1.1.1.1	FF280	VSK0	3.06000e-08	15	#ff00cc	
n672	2.2.2.2.2.2.2.2.1.1.2.1.2.1.1.1.1.1	FF280	VSK0	3.06000e-08	15	#ff00cc	
2024.EXT.0725.1550.230_Bme_Austria	2.2.2.2.2.2.2.2.1.1.2.1.2.1.1.1.1.1.1	FF280	VSK0	3.97520e-06		#ff00cc	
2024.EXT.0725.1728.540_Bme_Egypt	2.2.2.2.2.2.2.2.1.1.2.1.2.1.1.1.1.1.2	FF282	VSK2	4.28090e-06		#ff00cc	
n675	2.2.2.2.2.2.2.2.1.1.2.1.2.1.1.1.1.2	FF284	VSK4	3.05800e-07	96	#ff00cc	
n676	2.2.2.2.2.2.2.2.1.1.2.1.2.1.1.1.1.2.1	FF284	VSK4	1.83470e-06	100	#ff00cc	
2024.EXT.0725.1722.150_Bme_Egypt	2.2.2.2.2.2.2.2.1.1.2.1.2.1.1.1.1.2.1.1	FF284	VSK4	4.28090e-06		#ff00cc	
2024.EXT.0725.1738.130_Bme_Egypt	2.2.2.2.2.2.2.2.1.1.2.1.2.1.1.1.1.2.1.2	FF285	VSK5	3.66940e-06		#ff00cc	
2024.EXT.0725.1908.130_Bme_Egypt	2.2.2.2.2.2.2.2.1.1.2.1.2.1.1.1.1.2.2	FF286	VSK6	2.75200e-06		#ff00cc	
n680	2.2.2.2.2.2.2.2.1.1.2.1.2.1.1.1.2	FF288	VSK8	3.97520e-06	100	#ff00cc	
2024.EXT.0725.1820.540_Bme_Italy	2.2.2.2.2.2.2.2.1.1.2.1.2.1.1.1.2.1	FF288	VSK8	3.66940e-06		#ff00cc	
2024.EXT.0725.1821.070_Bme_Italy	2.2.2.2.2.2.2.2.1.1.2.1.2.1.1.1.2.2	FF28C	VSKC	5.50410e-06		#ff00cc	
n683	2.2.2.2.2.2.2.2.1.1.2.1.2.1.1.2	FF29	VSKG	2.14050e-06	100	#ff00cc	
2024.EXT.0725.1552.560_Bme_Egypt	2.2.2.2.2.2.2.2.1.1.2.1.2.1.1.2.1	FF290	VSKG	5.19830e-06		#ff00cc	
2024.EXT.0725.1725.360_Bme_Egypt	2.2.2.2.2.2.2.2.1.1.2.1.2.1.1.2.2	FF298	VSKO	6.11570e-06		#ff00cc	
n686	2.2.2.2.2.2.2.2.1.1.2.1.2.1.2	FF2A	VSL	1.22310e-06	100	#ff00cc	
2024.EXT.0725.1709.210_Bme_Egypt	2.2.2.2.2.2.2.2.1.1.2.1.2.1.2.1	FF2A	VSL0	7.95040e-06		#ff00cc	
2024.EXT.0725.1718.430_Bme_Egypt	2.2.2.2.2.2.2.2.1.1.2.1.2.1.2.2	FF2B	VSLG	1.00909e-05		#ff00cc	
n689	2.2.2.2.2.2.2.2.1.1.2.1.2.2	FF2C	VSM	1.22310e-06	98	#ff00cc	
n690	2.2.2.2.2.2.2.2.1.1.2.1.2.2.1	FF2C	VSM	7.64460e-06	100	#ff00cc	
n691	2.2.2.2.2.2.2.2.1.1.2.1.2.2.1.1	FF2C	VSM0	3.06000e-08	31	#ff00cc	
n692	2.2.2.2.2.2.2.2.1.1.2.1.2.2.1.1.1	FF2C0	VSM0	3.06000e-08	20	#ff00cc	
n693	2.2.2.2.2.2.2.2.1.1.2.1.2.2.1.1.1.1	FF2C0	VSM0	6.11600e-07	95	#ff00cc	
2024.EXT.0725.1709.410_Bme_Egypt	2.2.2.2.2.2.2.2.1.1.2.1.2.2.1.1.1.1.1	FF2C0	VSM0	3.36360e-06		#ff00cc	
2024.EXT.0725.1717.340_Bme_Egypt	2.2.2.2.2.2.2.2.1.1.2.1.2.2.1.1.1.1.2	FF2C2	VSM2	3.66940e-06		#ff00cc	
2024.EXT.0725.1719.250_Bme_Egypt	2.2.2.2.2.2.2.2.1.1.2.1.2.2.1.1.1.2	FF2C4	VSM4	2.14050e-06		#ff00cc	
n697	2.2.2.2.2.2.2.2.1.1.2.1.2.2.1.1.2	FF2C8	VSM8	3.06000e-08	41	#ff00cc	
n698	2.2.2.2.2.2.2.2.1.1.2.1.2.2.1.1.2.1	FF2C8	VSM8	6.11600e-07	98	#ff00cc	
2024.EXT.0725.1714.590_Bme_Egypt	2.2.2.2.2.2.2.2.1.1.2.1.2.2.1.1.2.1.1	FF2C8	VSM8	3.97520e-06		#ff00cc	
2024.EXT.0725.1717.060_Bme_Egypt	2.2.2.2.2.2.2.2.1.1.2.1.2.2.1.1.2.1.2	FF2CA	VSMA	3.97520e-06		#ff00cc	
n701	2.2.2.2.2.2.2.2.1.1.2.1.2.2.1.1.2.2	FF2CC	VSMC	3.05800e-07	90	#ff00cc	
2024.EXT.0725.1716.450_Bme_Egypt	2.2.2.2.2.2.2.2.1.1.2.1.2.2.1.1.2.2.1	FF2CC	VSMC	3.97520e-06		#ff00cc	
2024.EXT.0725.1724.400_Bme_Egypt	2.2.2.2.2.2.2.2.1.1.2.1.2.2.1.1.2.2.2	FF2CE	VSME	2.75200e-06		#ff00cc	
2024.EXT.0725.1738.470_Bme_Egypt	2.2.2.2.2.2.2.2.1.1.2.1.2.2.1.2	FF2D	VSMG	3.05780e-06		#ff00cc	
n705	2.2.2.2.2.2.2.2.1.1.2.1.2.2.2	FF2E	VSN	1.52890e-06	99	#ff00cc	
n706	2.2.2.2.2.2.2.2.1.1.2.1.2.2.2.1	FF2E	VSN0	3.05780e-06	100	#ff00cc	
n707	2.2.2.2.2.2.2.2.1.1.2.1.2.2.2.1.1	FF2E0	VSN0	3.05780e-06	100	#ff00cc	
n708	2.2.2.2.2.2.2.2.1.1.2.1.2.2.2.1.1.1	FF2E0	VSN0	3.05800e-07	70	#ff00cc	
2024.EXT.0725.1710.390_Bme_Egypt	2.2.2.2.2.2.2.2.1.1.2.1.2.2.2.1.1.1.1	FF2E0	VSN0	3.66940e-06		#ff00cc	
2024.EXT.0725.1749.540_Bme_Egypt	2.2.2.2.2.2.2.2.1.1.2.1.2.2.2.1.1.1.2	FF2E2	VSN2	4.28090e-06		#ff00cc	
2024.EXT.0725.1728.070_Bme_Egypt	2.2.2.2.2.2.2.2.1.1.2.1.2.2.2.1.1.2	FF2E4	VSN4	4.58670e-06		#ff00cc	
n712	2.2.2.2.2.2.2.2.1.1.2.1.2.2.2.1.2	FF2E8	VSN8	3.06000e-08	80	#ff00cc	
n713	2.2.2.2.2.2.2.2.1.1.2.1.2.2.2.1.2.1	FF2E8	VSN8	3.36360e-06	100	#ff00cc	
2024.EXT.0725.1711.580_Bme_Egypt	2.2.2.2.2.2.2.2.1.1.2.1.2.2.2.1.2.1.1	FF2E8	VSN8	3.97520e-06		#ff00cc	
2024.EXT.0725.2150.520_Bme_Egypt	2.2.2.2.2.2.2.2.1.1.2.1.2.2.2.1.2.1.2	FF2EA	VSNA	2.44620e-06		#ff00cc	
2024.EXT.0725.1720.490_Bme_Egypt	2.2.2.2.2.2.2.2.1.1.2.1.2.2.2.1.2.2	FF2EC	VSNC	5.50410e-06		#ff00cc	
n717	2.2.2.2.2.2.2.2.1.1.2.1.2.2.2.2	FF2F	VSNG	2.14050e-06	100	#ff00cc	
2024.EXT.0725.1732.110_Bme_Egypt	2.2.2.2.2.2.2.2.1.1.2.1.2.2.2.2.1	FF2F0	VSNG	6.42140e-06		#ff00cc	
2024.EXT.0725.1748.310_Bme_Egypt	2.2.2.2.2.2.2.2.1.1.2.1.2.2.2.2.2	FF2F8	VSNO	7.03300e-06		#ff00cc	
n720	2.2.2.2.2.2.2.2.1.1.2.2	FF3	VSO	4.38219e-05	100	#00ffff	
2024.EXT.0725.2057.320_Bme_Algeria	2.2.2.2.2.2.2.2.1.1.2.2.1	FF30	VSO	3.66940e-06		#00ffff	
2024.EXT.0725.2301.190_Bme_Sweden	2.2.2.2.2.2.2.2.1.1.2.2.2	FF38	VSS	3.66940e-06		#00ffff	
2024.EXT.0725.1904.550_Bme_France	2.2.2.2.2.2.2.2.1.2	FF4	VT	7.93947e-05			
n724	2.2.2.2.2.2.2.2.2	FF8	VU	1.08769e-05	100		
n725	2.2.2.2.2.2.2.2.2.1	FF8	VU	9.46004e-05	100		
n726	2.2.2.2.2.2.2.2.2.1.1	FF8	VU0	7.05042e-05	100		
n727	2.2.2.2.2.2.2.2.2.1.1.1	FF8	VU0	2.57348e-05	100		
n728	2.2.2.2.2.2.2.2.2.1.1.1.1	FF80	VU0	4.58670e-06	100		
n729	2.2.2.2.2.2.2.2.2.1.1.1.1.1	FF80	VU0	3.37084e-05	100	#ffff00	
n730	2.2.2.2.2.2.2.2.2.1.1.1.1.1.1	FF80	VU0	3.97520e-06	100	#ffff00	
n731	2.2.2.2.2.2.2.2.2.1.1.1.1.1.1.1	FF80	VU00	3.66940e-06	100	#ffff00	
n732	2.2.2.2.2.2.2.2.2.1.1.1.1.1.1.1.1	FF800	VU00	9.17300e-07	96	#ffff00	
n733	2.2.2.2.2.2.2.2.2.1.1.1.1.1.1.1.1.1	FF800	VU00	1.03967e-05	100	#ffff00	
2024.EXT.0725.1342.500_Bme_Norway	2.2.2.2.2.2.2.2.2.1.1.1.1.1.1.1.1.1.1	FF800	VU00	4.28090e-06		#ffff00	
2024.EXT.0725.2304.200_Bme_Sweden	2.2.2.2.2.2.2.2.2.1.1.1.1.1.1.1.1.1.2	FF802	VU02	5.19830e-06		#ffff00	
n736	2.2.2.2.2.2.2.2.2.1.1.1.1.1.1.1.1.2	FF804	VU04	1.31488e-05	100	#ffff00	
n737	2.2.2.2.2.2.2.2.2.1.1.1.1.1.1.1.1.2.1	FF804	VU04	3.05800e-07	89	#ffff00	
2024.EXT.0725.1343.280_Bme_Norway	2.2.2.2.2.2.2.2.2.1.1.1.1.1.1.1.1.2.1.1	FF804	VU04	7.64460e-06		#ffff00	
2024.EXT.0725.2307.090_Bme_Sweden	2.2.2.2.2.2.2.2.2.1.1.1.1.1.1.1.1.2.1.2	FF805	VU05	3.66940e-06		#ffff00	
2024.EXT.0725.1417.010_Bme_Ethiopia	2.2.2.2.2.2.2.2.2.1.1.1.1.1.1.1.1.2.2	FF806	VU06	6.11570e-06		#ffff00	
n741	2.2.2.2.2.2.2.2.2.1.1.1.1.1.1.1.2	FF808	VU08	4.28090e-06	100	#ffff00	
n742	2.2.2.2.2.2.2.2.2.1.1.1.1.1.1.1.2.1	FF808	VU08	3.05780e-06	100	#ffff00	
2024.EXT.0725.1703.480_Bme	2.2.2.2.2.2.2.2.2.1.1.1.1.1.1.1.2.1.1	FF808	VU08	6.72720e-06		#ffff00	
2024.EXT.0725.2138.550_Bme_Somalia	2.2.2.2.2.2.2.2.2.1.1.1.1.1.1.1.2.1.2	FF80A	VU0A	4.58670e-06		#ffff00	
2024.EXT.0725.2309.070_Bme_Sweden	2.2.2.2.2.2.2.2.2.1.1.1.1.1.1.1.2.2	FF80C	VU0C	9.78510e-06		#ffff00	
2024.EXT.0725.2307.530_Bme_Sweden	2.2.2.2.2.2.2.2.2.1.1.1.1.1.1.2	FF81	VU0G	1.99158e-05		#ffff00	
n747	2.2.2.2.2.2.2.2.2.1.1.1.1.1.2	FF82	VU1	6.11600e-07	95	#ffff00	
n748	2.2.2.2.2.2.2.2.2.1.1.1.1.1.2.1	FF82	VU10	7.33880e-06	100	#ffff00	
n749	2.2.2.2.2.2.2.2.2.1.1.1.1.1.2.1.1	FF820	VU10	9.17350e-06	100	#ffff00	
2024.EXT.0725.1344.260_Bme_Norway	2.2.2.2.2.2.2.2.2.1.1.1.1.1.2.1.1.1	FF820	VU10	8.25620e-06		#ffff00	
2024.EXT.0725.2300.340_Bme_Sweden	2.2.2.2.2.2.2.2.2.1.1.1.1.1.2.1.1.2	FF824	VU14	4.58670e-06		#ffff00	
n752	2.2.2.2.2.2.2.2.2.1.1.1.1.1.2.1.2	FF828	VU18	4.58670e-06	100	#ffff00	
2024.EXT.0725.2137.400_Bme_Somalia	2.2.2.2.2.2.2.2.2.1.1.1.1.1.2.1.2.1	FF828	VU18	9.78510e-06		#ffff00	
2024.EXT.0725.2201.520_Bme_Somalia	2.2.2.2.2.2.2.2.2.1.1.1.1.1.2.1.2.2	FF82C	VU1C	1.34546e-05		#ffff00	
2024.EXT.0725.2308.210_Bme_Sweden	2.2.2.2.2.2.2.2.2.1.1.1.1.1.2.2	FF83	VU1G	2.60443e-05		#ffff00	
2024.EXT.0725.2159.580_Bme_Nigeria	2.2.2.2.2.2.2.2.2.1.1.1.1.2	FF84	VU2	7.01776e-05		#999900	
n757	2.2.2.2.2.2.2.2.2.1.1.1.2	FF88	VU4	6.74197e-05	100	#ff9900	
2024.EXT.0725.1908.030_Bme_Oman	2.2.2.2.2.2.2.2.2.1.1.1.2.1	FF88	VU4	6.11570e-06		#ff9900	
2024.EXT.0725.2138.530_Bme_United_Kingdom	2.2.2.2.2.2.2.2.2.1.1.1.2.2	FF8C	VU6	6.42140e-06		#ff9900	
2024.EXT.0725.2202.150_Bme_Zimbabwe	2.2.2.2.2.2.2.2.2.1.1.2	FF9	VU8	0.000104516		#ff9900	
n761	2.2.2.2.2.2.2.2.2.1.2	FFA	VUG	0.000103607	100		
n762	2.2.2.2.2.2.2.2.2.1.2.1	FFA	VUG	2.60461e-05	100	#3333ff	
n763	2.2.2.2.2.2.2.2.2.1.2.1.1	FFA0	VUG	7.64460e-06	100	#3333ff	
n764	2.2.2.2.2.2.2.2.2.1.2.1.1.1	FFA0	VUG	2.75200e-06	100	#3333ff	
n765	2.2.2.2.2.2.2.2.2.1.2.1.1.1.1	FFA0	VUG	3.05800e-07	69	#3333ff	
2024.EXT.0725.1344.450_Bme_Spain	2.2.2.2.2.2.2.2.2.1.2.1.1.1.1.1	FFA0	VUG0	7.03300e-06		#3333ff	
2024.EXT.0725.1902.000_Bme_Spain	2.2.2.2.2.2.2.2.2.1.2.1.1.1.1.2	FFA1	VUGG	5.80990e-06		#3333ff	
n768	2.2.2.2.2.2.2.2.2.1.2.1.1.1.2	FFA2	VUH	3.36360e-06	100	#3333ff	
2024.EXT.0725.1350.540_Bme_Spain	2.2.2.2.2.2.2.2.2.1.2.1.1.1.2.1	FFA2	VUH0	3.97520e-06		#3333ff	
2024.EXT.0725.1913.320_Bme_France	2.2.2.2.2.2.2.2.2.1.2.1.1.1.2.2	FFA3	VUHG	5.50410e-06		#3333ff	
2024.EXT.0725.2135.230_Bme_Norway	2.2.2.2.2.2.2.2.2.1.2.1.1.2	FFA4	VUI	1.00909e-05		#3333ff	
n772	2.2.2.2.2.2.2.2.2.1.2.1.2	FFA8	VUK	1.83920e-06	100	#3333ff	
n773	2.2.2.2.2.2.2.2.2.1.2.1.2.1	FFA8	VUK	1.16198e-05	100	#3333ff	
n774	2.2.2.2.2.2.2.2.2.1.2.1.2.1.1	FFA8	VUK	9.10200e-07	100	#3333ff	
n775	2.2.2.2.2.2.2.2.2.1.2.1.2.1.1.1	FFA8	VUK0	3.06000e-08	82	#3333ff	
2024.EXT.0725.1348.100_Bme_Portugal	2.2.2.2.2.2.2.2.2.1.2.1.2.1.1.1.1	FFA80	VUK0	5.80990e-06		#3333ff	
2024.EXT.0725.1854.180_Bme_France	2.2.2.2.2.2.2.2.2.1.2.1.2.1.1.1.2	FFA88	VUK8	7.33880e-06		#3333ff	
n778	2.2.2.2.2.2.2.2.2.1.2.1.2.1.1.2	FFA9	VUKG	6.11600e-07	94	#3333ff	
2024.EXT.0725.1350.270_Bme_Portugal	2.2.2.2.2.2.2.2.2.1.2.1.2.1.1.2.1	FFA90	VUKG	7.33880e-06		#3333ff	
n780	2.2.2.2.2.2.2.2.2.1.2.1.2.1.1.2.2	FFA98	VUKO	9.17300e-07	95	#3333ff	
2024.EXT.0725.1854.000_Bme_France	2.2.2.2.2.2.2.2.2.1.2.1.2.1.1.2.2.1	FFA98	VUKO	6.11570e-06		#3333ff	
2024.EXT.0725.2138.380_Bme_Portugal	2.2.2.2.2.2.2.2.2.1.2.1.2.1.1.2.2.2	FFA9C	VUKS	4.89250e-06		#3333ff	
2024.EXT.0725.1349.420_Bme_Portugal	2.2.2.2.2.2.2.2.2.1.2.1.2.1.2	FFAA	VUL	1.22443e-05		#3333ff	
2024.EXT.0725.1908.420_Bme_France	2.2.2.2.2.2.2.2.2.1.2.1.2.2	FFAC	VUM	1.71489e-05		#3333ff	
n785	2.2.2.2.2.2.2.2.2.1.2.2	FFB	VUO	1.86894e-05	100	#ff0099	
n786	2.2.2.2.2.2.2.2.2.1.2.2.1	FFB0	VUO	3.06000e-08	87	#ff0099	
n787	2.2.2.2.2.2.2.2.2.1.2.2.1.1	FFB0	VUO	8.25620e-06	100	#ff0099	
n788	2.2.2.2.2.2.2.2.2.1.2.2.1.1.1	FFB0	VUO	8.56190e-06	100	#ff0099	
2024.EXT.0725.1730.590_Bme_Egypt	2.2.2.2.2.2.2.2.2.1.2.2.1.1.1.1	FFB0	VUO0	8.25620e-06		#ff0099	
2024.EXT.0725.1901.000_Bme_United_States	2.2.2.2.2.2.2.2.2.1.2.2.1.1.1.2	FFB1	VUOG	1.07025e-05		#ff0099	
n791	2.2.2.2.2.2.2.2.2.1.2.2.1.1.2	FFB2	VUP	1.25372e-05	100	#ff0099	
2024.EXT.0725.1856.060_Bme_Spain	2.2.2.2.2.2.2.2.2.1.2.2.1.1.2.1	FFB2	VUP0	5.50410e-06		#ff0099	
2024.EXT.0725.1908.270_Bme_Mexico	2.2.2.2.2.2.2.2.2.1.2.2.1.1.2.2	FFB3	VUPG	3.97520e-06		#ff0099	
n794	2.2.2.2.2.2.2.2.2.1.2.2.1.2	FFB4	VUQ	6.11600e-07	100	#ff0099	
2024.EXT.0725.1912.590_Bme_Argentina	2.2.2.2.2.2.2.2.2.1.2.2.1.2.1	FFB4	VUQ	2.45118e-05		#ff0099	
2024.EXT.0725.2308.010_Bme_Sweden	2.2.2.2.2.2.2.2.2.1.2.2.1.2.2	FFB6	VUR	2.78820e-05		#ff0099	
2024.EXT.0725.2145.350_Bme_Argentina	2.2.2.2.2.2.2.2.2.1.2.2.2	FFB8	VUS	2.54307e-05		#ff0099	
n798	2.2.2.2.2.2.2.2.2.2	FFC	VV	5.82504e-05	100		
2024.EXT.0725.1712.480_Bme_Egypt	2.2.2.2.2.2.2.2.2.2.1	FFC	VV0	0.000212668		#990099	
n800	2.2.2.2.2.2.2.2.2.2.2	FFE	VVG	5.62053e-05	100		
n801	2.2.2.2.2.2.2.2.2.2.2.1	FFE	VVG	3.03610e-06	100	#00ffcc	
2024.EXT.0725.1325.140_Bme_Greece	2.2.2.2.2.2.2.2.2.2.2.1.1	FFE0	VVG	7.75381e-05		#00ffcc	
n803	2.2.2.2.2.2.2.2.2.2.2.1.2	FFE8	VVK	5.33241e-05	100	#00ffcc	
n804	2.2.2.2.2.2.2.2.2.2.2.1.2.1	FFE8	VVK	3.06000e-08	33	#00ffcc	
2024.EXT.0725.1856.180_Bme_Spain	2.2.2.2.2.2.2.2.2.2.2.1.2.1.1	FFE8	VVK	1.59328e-05		#00ffcc	
n806	2.2.2.2.2.2.2.2.2.2.2.1.2.1.2	FFEA	VVL	3.05780e-06	100	#00ffcc	
2024.EXT.0725.1901.340_Bme_Spain	2.2.2.2.2.2.2.2.2.2.2.1.2.1.2.1	FFEA	VVL0	7.64460e-06		#00ffcc	
2024.EXT.0725.1905.230_Bme_France	2.2.2.2.2.2.2.2.2.2.2.1.2.1.2.2	FFEB	VVLG	8.56190e-06		#00ffcc	
2024.EXT.0725.1856.480_Bme_France	2.2.2.2.2.2.2.2.2.2.2.1.2.2	FFEC	VVM	8.86770e-06		#00ffcc	
n810	2.2.2.2.2.2.2.2.2.2.2.2	FFF	VVO	4.75034e-05	100		
n811	2.2.2.2.2.2.2.2.2.2.2.2.1	FFF0	VVO	1.83714e-05	100	#33ff33	
n812	2.2.2.2.2.2.2.2.2.2.2.2.1.1	FFF0	VVO	1.34546e-05	100	#33ff33	
n813	2.2.2.2.2.2.2.2.2.2.2.2.1.1.1	FFF0	VVO	1.25372e-05	100	#33ff33	
2024.EXT.0725.1326.370_Bme_Greece	2.2.2.2.2.2.2.2.2.2.2.2.1.1.1.1	FFF0	VVO0	5.80990e-06		#33ff33	
n815	2.2.2.2.2.2.2.2.2.2.2.2.1.1.1.2	FFF1	VVOG	3.05800e-07	83	#33ff33	
2024.EXT.0725.1327.360_Bme_Greece	2.2.2.2.2.2.2.2.2.2.2.2.1.1.1.2.1	FFF10	VVOG	7.03300e-06		#33ff33	
2024.EXT.0725.2057.230_Bme_Turkey	2.2.2.2.2.2.2.2.2.2.2.2.1.1.1.2.2	FFF18	VVOO	3.05780e-06		#33ff33	
2024.EXT.0725.2050.490_Bme_Turkey	2.2.2.2.2.2.2.2.2.2.2.2.1.1.2	FFF2	VVP	1.46777e-05		#33ff33	
2024.EXT.0725.2154.470_Bme_Cyprus	2.2.2.2.2.2.2.2.2.2.2.2.1.2	FFF4	VVQ	3.18709e-05		#33ff33	
n820	2.2.2.2.2.2.2.2.2.2.2.2.2	FFF8	VVS	1.71643e-05	100		
n821	2.2.2.2.2.2.2.2.2.2.2.2.2.1	FFF8	VVS	7.64460e-06	100	#ff0066	
n822	2.2.2.2.2.2.2.2.2.2.2.2.2.1.1	FFF8	VVS	2.75200e-06	99	#ff0066	
n823	2.2.2.2.2.2.2.2.2.2.2.2.2.1.1.1	FFF8	VVS0	3.06000e-08	24	#ff0066	
n824	2.2.2.2.2.2.2.2.2.2.2.2.2.1.1.1.1	FFF80	VVS0	3.06000e-08	7	#ff0066	
n825	2.2.2.2.2.2.2.2.2.2.2.2.2.1.1.1.1.1	FFF80	VVS0	3.06000e-08	7	#ff0066	
n826	2.2.2.2.2.2.2.2.2.2.2.2.2.1.1.1.1.1.1	FFF80	VVS0	4.58670e-06	100	#ff0066	
n827	2.2.2.2.2.2.2.2.2.2.2.2.2.1.1.1.1.1.1.1	FFF80	VVS0	4.89250e-06	100	#ff0066	
n828	2.2.2.2.2.2.2.2.2.2.2.2.2.1.1.1.1.1.1.1.1	FFF800	VVS00	2.14050e-06	100	#ff0066	
n829	2.2.2.2.2.2.2.2.2.2.2.2.2.1.1.1.1.1.1.1.1.1	FFF800	VVS00	2.44620e-06	100	#ff0066	
n830	2.2.2.2.2.2.2.2.2.2.2.2.2.1.1.1.1.1.1.1.1.1.1	FFF800	VVS00	1.52890e-06	100	#ff0066	
2024.EXT.0725.1324.410_Bme_Greece	2.2.2.2.2.2.2.2.2.2.2.2.2.1.1.1.1.1.1.1.1.1.1.1	FFF800	VVS00	1.83470e-06		#ff0066	
n832	2.2.2.2.2.2.2.2.2.2.2.2.2.1.1.1.1.1.1.1.1.1.1.2	FFF801	VVS02	3.05800e-07	66	#ff0066	
n833	2.2.2.2.2.2.2.2.2.2.2.2.2.1.1.1.1.1.1.1.1.1.1.2.1	FFF8010	VVS02	3.05800e-07	69	#ff0066	
2024.EXT.0725.1345.220_Bme_Portugal	2.2.2.2.2.2.2.2.2.2.2.2.2.1.1.1.1.1.1.1.1.1.1.2.1.1	FFF8010	VVS020	3.97520e-06		#ff0066	
2024.EXT.0725.1349.260_Bme_Spain	2.2.2.2.2.2.2.2.2.2.2.2.2.1.1.1.1.1.1.1.1.1.1.2.1.2	FFF8014	VVS02G	2.14050e-06		#ff0066	
2024.EXT.0725.1349.520_Bme_Spain	2.2.2.2.2.2.2.2.2.2.2.2.2.1.1.1.1.1.1.1.1.1.1.2.2	FFF8018	VVS03	3.05780e-06		#ff0066	
2024.EXT.0725.2105.520_Bme_Turkey	2.2.2.2.2.2.2.2.2.2.2.2.2.1.1.1.1.1.1.1.1.1.2	FFF802	VVS04	3.05780e-06		#ff0066	
n838	2.2.2.2.2.2.2.2.2.2.2.2.2.1.1.1.1.1.1.1.1.2	FFF804	VVS08	3.06000e-08	98	#ff0066	
2024.EXT.0725.1343.120_Bme_Norway	2.2.2.2.2.2.2.2.2.2.2.2.2.1.1.1.1.1.1.1.1.2.1	FFF804	VVS08	9.47930e-06		#ff0066	
2024.EXT.0725.2056.150_Bme_Romania	2.2.2.2.2.2.2.2.2.2.2.2.2.1.1.1.1.1.1.1.1.2.2	FFF806	VVS0C	1.13140e-05		#ff0066	
2024.EXT.0725.1552.200_Bme_Austria	2.2.2.2.2.2.2.2.2.2.2.2.2.1.1.1.1.1.1.1.2	FFF808	VVS0G	1.13140e-05		#ff0066	
n842	2.2.2.2.2.2.2.2.2.2.2.2.2.1.1.1.1.1.1.2	FFF81	VVS1	1.83470e-06	100	#ff0066	
2024.EXT.0725.1448.350_Bme_Kyrgyzstan	2.2.2.2.2.2.2.2.2.2.2.2.2.1.1.1.1.1.1.2.1	FFF810	VVS10	1.37604e-05		#ff0066	
n844	2.2.2.2.2.2.2.2.2.2.2.2.2.1.1.1.1.1.1.2.2	FFF818	VVS1G	1.22310e-06	99	#ff0066	
n845	2.2.2.2.2.2.2.2.2.2.2.2.2.1.1.1.1.1.1.2.2.1	FFF818	VVS1G	7.95040e-06	100	#ff0066	
2024.EXT.0725.1452.560_Bme_Kyrgyzstan	2.2.2.2.2.2.2.2.2.2.2.2.2.1.1.1.1.1.1.2.2.1.1	FFF818	VVS1G	4.28090e-06		#ff0066	
2024.EXT.0725.1459.210_Bme_Kyrgyzstan	2.2.2.2.2.2.2.2.2.2.2.2.2.1.1.1.1.1.1.2.2.1.2	FFF81A	VVS1K	6.42140e-06		#ff0066	
2024.EXT.0725.1457.010_Bme_Kyrgyzstan	2.2.2.2.2.2.2.2.2.2.2.2.2.1.1.1.1.1.1.2.2.2	FFF81C	VVS1O	1.13140e-05		#ff0066	
n849	2.2.2.2.2.2.2.2.2.2.2.2.2.1.1.1.1.1.2	FFF82	VVS2	1.22310e-06	56	#ff0066	
n850	2.2.2.2.2.2.2.2.2.2.2.2.2.1.1.1.1.1.2.1	FFF82	VVS2	3.06000e-08	9	#ff0066	
n851	2.2.2.2.2.2.2.2.2.2.2.2.2.1.1.1.1.1.2.1.1	FFF820	VVS20	3.06000e-08	7	#ff0066	
n852	2.2.2.2.2.2.2.2.2.2.2.2.2.1.1.1.1.1.2.1.1.1	FFF820	VVS20	3.06000e-08	8	#ff0066	
n853	2.2.2.2.2.2.2.2.2.2.2.2.2.1.1.1.1.1.2.1.1.1.1	FFF820	VVS20	3.06000e-08	0	#ff0066	
n854	2.2.2.2.2.2.2.2.2.2.2.2.2.1.1.1.1.1.2.1.1.1.1.1	FFF820	VVS20	3.06000e-08	18	#ff0066	
2024.EXT.0725.1556.490_Bme_India	2.2.2.2.2.2.2.2.2.2.2.2.2.1.1.1.1.1.2.1.1.1.1.1.1	FFF8200	VVS20	6.42140e-06		#ff0066	
2024.EXT.0725.2140.450_Bme_Thailand	2.2.2.2.2.2.2.2.2.2.2.2.2.1.1.1.1.1.2.1.1.1.1.1.2	FFF8208	VVS21	2.17545e-05		#ff0066	
2024.EXT.0725.1934.560_Bme_India	2.2.2.2.2.2.2.2.2.2.2.2.2.1.1.1.1.1.2.1.1.1.1.2	FFF821	VVS22	3.06000e-08		#ff0066	
n858	2.2.2.2.2.2.2.2.2.2.2.2.2.1.1.1.1.1.2.1.1.1.2	FFF822	VVS24	3.06000e-08	5	#ff0066	
n859	2.2.2.2.2.2.2.2.2.2.2.2.2.1.1.1.1.1.2.1.1.1.2.1	FFF822	VVS24	3.06000e-08	0	#ff0066	
n860	2.2.2.2.2.2.2.2.2.2.2.2.2.1.1.1.1.1.2.1.1.1.2.1.1	FFF8220	VVS24	3.06000e-08	8	#ff0066	
n861	2.2.2.2.2.2.2.2.2.2.2.2.2.1.1.1.1.1.2.1.1.1.2.1.1.1	FFF8220	VVS240	3.06000e-08	24	#ff0066	
n862	2.2.2.2.2.2.2.2.2.2.2.2.2.1.1.1.1.1.2.1.1.1.2.1.1.1.1	FFF8220	VVS240	8.86770e-06	100	#ff0066	
2024.EXT.0725.1840.570_Bme_China	2.2.2.2.2.2.2.2.2.2.2.2.2.1.1.1.1.1.2.1.1.1.2.1.1.1.1.1	FFF8220	VVS240	1.83842e-05		#ff0066	
n864	2.2.2.2.2.2.2.2.2.2.2.2.2.1.1.1.1.1.2.1.1.1.2.1.1.1.1.2	FFF8221	VVS244	1.52890e-06	99	#ff0066	
2024.EXT.0725.1857.010_Bme_Mongolia	2.2.2.2.2.2.2.2.2.2.2.2.2.1.1.1.1.1.2.1.1.1.2.1.1.1.1.2.1	FFF82210	VVS244	1.68523e-05		#ff0066	
2024.EXT.0725.2225.320_Bme_China	2.2.2.2.2.2.2.2.2.2.2.2.2.1.1.1.1.1.2.1.1.1.2.1.1.1.1.2.2	FFF82218	VVS246	1.49835e-05		#ff0066	
2024.EXT.0725.1933.260_Bme_India	2.2.2.2.2.2.2.2.2.2.2.2.2.1.1.1.1.1.2.1.1.1.2.1.1.1.2	FFF8222	VVS248	2.14050e-06		#ff0066	
2024.EXT.0725.1938.530_Bme_India	2.2.2.2.2.2.2.2.2.2.2.2.2.1.1.1.1.1.2.1.1.1.2.1.1.2	FFF8224	VVS24G	6.11600e-07		#ff0066	
2024.EXT.0725.1936.240_Bme_India	2.2.2.2.2.2.2.2.2.2.2.2.2.1.1.1.1.1.2.1.1.1.2.1.2	FFF8228	VVS25	6.72720e-06		#ff0066	
n870	2.2.2.2.2.2.2.2.2.2.2.2.2.1.1.1.1.1.2.1.1.1.2.2	FFF823	VVS26	3.06000e-08	17	#ff0066	
2024.EXT.0725.1932.170_Bme_India	2.2.2.2.2.2.2.2.2.2.2.2.2.1.1.1.1.1.2.1.1.1.2.2.1	FFF8230	VVS26	1.77713e-05		#ff0066	
2024.EXT.0725.1937.110_Bme_India	2.2.2.2.2.2.2.2.2.2.2.2.2.1.1.1.1.1.2.1.1.1.2.2.2	FFF8238	VVS27	2.44620e-06		#ff0066	
n873	2.2.2.2.2.2.2.2.2.2.2.2.2.1.1.1.1.1.2.1.1.2	FFF824	VVS28	3.06000e-08	16	#ff0066	
2024.EXT.0725.1935.400_Bme_India	2.2.2.2.2.2.2.2.2.2.2.2.2.1.1.1.1.1.2.1.1.2.1	FFF824	VVS28	1.07025e-05		#ff0066	
2024.EXT.0725.2134.570_Bme_Pakistan	2.2.2.2.2.2.2.2.2.2.2.2.2.1.1.1.1.1.2.1.1.2.2	FFF826	VVS2C	2.45123e-05		#ff0066	
2024.EXT.0725.1936.560_Bme_India	2.2.2.2.2.2.2.2.2.2.2.2.2.1.1.1.1.1.2.1.2	FFF828	VVS2G	6.42140e-06		#ff0066	
2024.EXT.0725.1943.190_Bme_India	2.2.2.2.2.2.2.2.2.2.2.2.2.1.1.1.1.1.2.2	FFF83	VVS3	6.42140e-06		#ff0066	
n878	2.2.2.2.2.2.2.2.2.2.2.2.2.1.1.1.1.2	FFF84	VVS4	3.66940e-06	100	#ff0066	
n879	2.2.2.2.2.2.2.2.2.2.2.2.2.1.1.1.1.2.1	FFF84	VVS4	5.80990e-06	100	#ff0066	
n880	2.2.2.2.2.2.2.2.2.2.2.2.2.1.1.1.1.2.1.1	FFF84	VVS4	2.14050e-06	100	#ff0066	
n881	2.2.2.2.2.2.2.2.2.2.2.2.2.1.1.1.1.2.1.1.1	FFF840	VVS40	9.17300e-07	97	#ff0066	
n882	2.2.2.2.2.2.2.2.2.2.2.2.2.1.1.1.1.2.1.1.1.1	FFF840	VVS40	6.11600e-07	87	#ff0066	
n883	2.2.2.2.2.2.2.2.2.2.2.2.2.1.1.1.1.2.1.1.1.1.1	FFF840	VVS40	8.25620e-06	100	#ff0066	
2024.EXT.0725.1344.080_Bme_Norway	2.2.2.2.2.2.2.2.2.2.2.2.2.1.1.1.1.2.1.1.1.1.1.1	FFF840	VVS40	4.58670e-06		#ff0066	
2024.EXT.0725.2305.250_Bme_Sweden	2.2.2.2.2.2.2.2.2.2.2.2.2.1.1.1.1.2.1.1.1.1.1.2	FFF841	VVS42	3.66940e-06		#ff0066	
n886	2.2.2.2.2.2.2.2.2.2.2.2.2.1.1.1.1.2.1.1.1.1.2	FFF842	VVS44	2.75200e-06	100	#ff0066	
n887	2.2.2.2.2.2.2.2.2.2.2.2.2.1.1.1.1.2.1.1.1.1.2.1	FFF842	VVS44	3.06000e-08	90	#ff0066	
2024.EXT.0725.1440.430_Bme_Iran	2.2.2.2.2.2.2.2.2.2.2.2.2.1.1.1.1.2.1.1.1.1.2.1.1	FFF8420	VVS44	8.56190e-06		#ff0066	
n889	2.2.2.2.2.2.2.2.2.2.2.2.2.1.1.1.1.2.1.1.1.1.2.1.2	FFF8428	VVS45	1.83470e-06	100	#ff0066	
n890	2.2.2.2.2.2.2.2.2.2.2.2.2.1.1.1.1.2.1.1.1.1.2.1.2.1	FFF8428	VVS450	1.22310e-06	99	#ff0066	
2024.EXT.0725.1441.110_Bme_Iran	2.2.2.2.2.2.2.2.2.2.2.2.2.1.1.1.1.2.1.1.1.1.2.1.2.1.1	FFF8428	VVS450	1.52890e-06		#ff0066	
n892	2.2.2.2.2.2.2.2.2.2.2.2.2.1.1.1.1.2.1.1.1.1.2.1.2.1.2	FFF842A	VVS458	3.06000e-08	76	#ff0066	
2024.EXT.0725.2307.390_Bme_Sweden	2.2.2.2.2.2.2.2.2.2.2.2.2.1.1.1.1.2.1.1.1.1.2.1.2.1.2.1	FFF842A	VVS458	3.05780e-06		#ff0066	
2024.EXT.0725.2309.300_Bme_Sweden	2.2.2.2.2.2.2.2.2.2.2.2.2.1.1.1.1.2.1.1.1.1.2.1.2.1.2.2	FFF842B	VVS45C	4.58670e-06		#ff0066	
n895	2.2.2.2.2.2.2.2.2.2.2.2.2.1.1.1.1.2.1.1.1.1.2.1.2.2	FFF842C	VVS45G	1.22310e-06	99	#ff0066	
2024.EXT.0725.1444.080_Bme_Iran	2.2.2.2.2.2.2.2.2.2.2.2.2.1.1.1.1.2.1.1.1.1.2.1.2.2.1	FFF842C	VVS45G	3.05780e-06		#ff0066	
2024.EXT.0725.2059.310_Bme_Afghanistan	2.2.2.2.2.2.2.2.2.2.2.2.2.1.1.1.1.2.1.1.1.1.2.1.2.2.2	FFF842E	VVS45O	4.58670e-06		#ff0066	
2024.EXT.0725.2053.530_Bme_Turkey	2.2.2.2.2.2.2.2.2.2.2.2.2.1.1.1.1.2.1.1.1.1.2.2	FFF843	VVS46	5.80990e-06		#ff0066	
n899	2.2.2.2.2.2.2.2.2.2.2.2.2.1.1.1.1.2.1.1.1.2	FFF844	VVS48	6.42140e-06	100	#ff0066	
2024.EXT.0725.1354.260_Bme_Germany	2.2.2.2.2.2.2.2.2.2.2.2.2.1.1.1.1.2.1.1.1.2.1	FFF844	VVS48	1.13140e-05		#ff0066	
2024.EXT.0725.2044.050_Bme_Kuwait	2.2.2.2.2.2.2.2.2.2.2.2.2.1.1.1.1.2.1.1.1.2.2	FFF846	VVS4C	7.03300e-06		#ff0066	
n902	2.2.2.2.2.2.2.2.2.2.2.2.2.1.1.1.1.2.1.1.2	FFF848	VVS4G	3.05800e-07	69	#ff0066	
n903	2.2.2.2.2.2.2.2.2.2.2.2.2.1.1.1.1.2.1.1.2.1	FFF848	VVS4G	5.19830e-06	100	#ff0066	
2024.EXT.0725.1443.350_Bme_Iran	2.2.2.2.2.2.2.2.2.2.2.2.2.1.1.1.1.2.1.1.2.1.1	FFF848	VVS4G	4.58670e-06		#ff0066	
2024.EXT.0725.1550.340_Bme_Austria	2.2.2.2.2.2.2.2.2.2.2.2.2.1.1.1.1.2.1.1.2.1.2	FFF84A	VVS4K	5.80990e-06		#ff0066	
2024.EXT.0725.2301.310_Bme_Sweden	2.2.2.2.2.2.2.2.2.2.2.2.2.1.1.1.1.2.1.1.2.2	FFF84C	VVS4O	1.07025e-05		#ff0066	
n907	2.2.2.2.2.2.2.2.2.2.2.2.2.1.1.1.1.2.1.2	FFF85	VVS5	2.44620e-06	100	#ff0066	
n908	2.2.2.2.2.2.2.2.2.2.2.2.2.1.1.1.1.2.1.2.1	FFF850	VVS50	6.72720e-06	100	#ff0066	
n909	2.2.2.2.2.2.2.2.2.2.2.2.2.1.1.1.1.2.1.2.1.1	FFF850	VVS50	1.22310e-06	100	#ff0066	
n910	2.2.2.2.2.2.2.2.2.2.2.2.2.1.1.1.1.2.1.2.1.1.1	FFF850	VVS50	9.17300e-07	95	#ff0066	
2024.EXT.0725.1444.150_Bme_Iran	2.2.2.2.2.2.2.2.2.2.2.2.2.1.1.1.1.2.1.2.1.1.1.1	FFF850	VVS50	3.66940e-06		#ff0066	
2024.EXT.0725.2305.350_Bme_Sweden	2.2.2.2.2.2.2.2.2.2.2.2.2.1.1.1.1.2.1.2.1.1.1.2	FFF851	VVS52	5.50410e-06		#ff0066	
2024.EXT.0725.1445.060_Bme_Kyrgyzstan	2.2.2.2.2.2.2.2.2.2.2.2.2.1.1.1.1.2.1.2.1.1.2	FFF852	VVS54	4.58670e-06		#ff0066	
2024.EXT.0725.2057.410_Bme	2.2.2.2.2.2.2.2.2.2.2.2.2.1.1.1.1.2.1.2.1.2	FFF854	VVS58	5.50410e-06		#ff0066	
n915	2.2.2.2.2.2.2.2.2.2.2.2.2.1.1.1.1.2.1.2.2	FFF858	VVS5G	3.36360e-06	100	#ff0066	
n916	2.2.2.2.2.2.2.2.2.2.2.2.2.1.1.1.1.2.1.2.2.1	FFF858	VVS5G	3.66940e-06	100	#ff0066	
n917	2.2.2.2.2.2.2.2.2.2.2.2.2.1.1.1.1.2.1.2.2.1.1	FFF858	VVS5G	2.44620e-06	100	#ff0066	
2024.EXT.0725.1451.570_Bme_Kyrgyzstan	2.2.2.2.2.2.2.2.2.2.2.2.2.1.1.1.1.2.1.2.2.1.1.1	FFF858	VVS5G	4.58670e-06		#ff0066	
2024.EXT.0725.1456.000_Bme_Kyrgyzstan	2.2.2.2.2.2.2.2.2.2.2.2.2.1.1.1.1.2.1.2.2.1.1.2	FFF859	VVS5I	3.97520e-06		#ff0066	
2024.EXT.0725.2101.550_Bme_Turkmenistan	2.2.2.2.2.2.2.2.2.2.2.2.2.1.1.1.1.2.1.2.2.1.2	FFF85A	VVS5K	4.89250e-06		#ff0066	
2024.EXT.0725.1456.410_Bme_Kyrgyzstan	2.2.2.2.2.2.2.2.2.2.2.2.2.1.1.1.1.2.1.2.2.2	FFF85C	VVS5O	6.42140e-06		#ff0066	
n922	2.2.2.2.2.2.2.2.2.2.2.2.2.1.1.1.1.2.2	FFF86	VVS6	1.52890e-06	100	#ff0066	
n923	2.2.2.2.2.2.2.2.2.2.2.2.2.1.1.1.1.2.2.1	FFF86	VVS6	9.17300e-07	98	#ff0066	
2024.EXT.0725.1358.000_Bme_Germany	2.2.2.2.2.2.2.2.2.2.2.2.2.1.1.1.1.2.2.1.1	FFF860	VVS60	2.02257e-05		#ff0066	
2024.EXT.0725.1449.110_Bme_Kyrgyzstan	2.2.2.2.2.2.2.2.2.2.2.2.2.1.1.1.1.2.2.1.2	FFF868	VVS6G	1.28430e-05		#ff0066	
n926	2.2.2.2.2.2.2.2.2.2.2.2.2.1.1.1.1.2.2.2	FFF87	VVS7	1.77714e-05	100	#ff0066	
2024.EXT.0725.1446.200_Bme_Kyrgyzstan	2.2.2.2.2.2.2.2.2.2.2.2.2.1.1.1.1.2.2.2.1	FFF870	VVS70	2.44620e-06		#ff0066	
2024.EXT.0725.1456.140_Bme_Kyrgyzstan	2.2.2.2.2.2.2.2.2.2.2.2.2.1.1.1.1.2.2.2.2	FFF878	VVS7G	3.05780e-06		#ff0066	
n929	2.2.2.2.2.2.2.2.2.2.2.2.2.1.1.1.2	FFF88	VVS8	3.06000e-08	3	#ff0066	
n930	2.2.2.2.2.2.2.2.2.2.2.2.2.1.1.1.2.1	FFF88	VVS8	3.06000e-08	20	#ff0066	
n931	2.2.2.2.2.2.2.2.2.2.2.2.2.1.1.1.2.1.1	FFF88	VVS8	3.05800e-07	79	#ff0066	
2024.EXT.0725.1358.430_Bme_Germany	2.2.2.2.2.2.2.2.2.2.2.2.2.1.1.1.2.1.1.1	FFF88	VVS8	9.78510e-06		#ff0066	
n933	2.2.2.2.2.2.2.2.2.2.2.2.2.1.1.1.2.1.1.2	FFF89	VVS9	3.36360e-06	100	#ff0066	
2024.EXT.0725.2137.250_Bme_India	2.2.2.2.2.2.2.2.2.2.2.2.2.1.1.1.2.1.1.2.1	FFF890	VVS90	2.75200e-06		#ff0066	
2024.EXT.0725.2305.470_Bme_Sweden	2.2.2.2.2.2.2.2.2.2.2.2.2.1.1.1.2.1.1.2.2	FFF898	VVS9G	7.95040e-06		#ff0066	
2024.EXT.0725.2200.390_Bme	2.2.2.2.2.2.2.2.2.2.2.2.2.1.1.1.2.1.2	FFF8A	VVSA	1.31488e-05		#ff0066	
2024.EXT.0725.1931.580_Bme_India	2.2.2.2.2.2.2.2.2.2.2.2.2.1.1.1.2.2	FFF8C	VVSC	3.06000e-08		#ff0066	
2024.EXT.0725.1857.470_Bme_India	2.2.2.2.2.2.2.2.2.2.2.2.2.1.1.2	FFF9	VVSG	1.96099e-05		#ff0066	
2024.EXT.0725.2141.430_Bme_United_Kingdom	2.2.2.2.2.2.2.2.2.2.2.2.2.1.2	FFFA	VVT	2.60496e-05		#ff0066	
n940	2.2.2.2.2.2.2.2.2.2.2.2.2.2	FFFC	VVU	2.02235e-05	100	#33ffff	
n941	2.2.2.2.2.2.2.2.2.2.2.2.2.2.1	FFFC	VVU	3.06000e-08	32	#33ffff	
n942	2.2.2.2.2.2.2.2.2.2.2.2.2.2.1.1	FFFC	VVU0	1.22314e-05	100	#33ffff	
n943	2.2.2.2.2.2.2.2.2.2.2.2.2.2.1.1.1	FFFC0	VVU0	3.66940e-06	100	#33ffff	
n944	2.2.2.2.2.2.2.2.2.2.2.2.2.2.1.1.1.1	FFFC0	VVU0	3.05800e-07	59	#33ffff	
n945	2.2.2.2.2.2.2.2.2.2.2.2.2.2.1.1.1.1.1	FFFC0	VVU0	3.06000e-08	51	#33ffff	
2024.EXT.0725.1323.400_Bme_Greece	2.2.2.2.2.2.2.2.2.2.2.2.2.2.1.1.1.1.1.1	FFFC0	VVU0	5.50410e-06		#33ffff	
2024.EXT.0725.1354.160_Bme_Germany	2.2.2.2.2.2.2.2.2.2.2.2.2.2.1.1.1.1.1.2	FFFC1	VVU1	5.80990e-06		#33ffff	
n948	2.2.2.2.2.2.2.2.2.2.2.2.2.2.1.1.1.1.2	FFFC2	VVU2	3.05800e-07	76	#33ffff	
n949	2.2.2.2.2.2.2.2.2.2.2.2.2.2.1.1.1.1.2.1	FFFC2	VVU2	9.17300e-07	96	#33ffff	
2024.EXT.0725.1324.290_Bme_Greece	2.2.2.2.2.2.2.2.2.2.2.2.2.2.1.1.1.1.2.1.1	FFFC20	VVU20	2.44620e-06		#33ffff	
2024.EXT.0725.1325.520_Bme_Greece	2.2.2.2.2.2.2.2.2.2.2.2.2.2.1.1.1.1.2.1.2	FFFC28	VVU2G	3.05780e-06		#33ffff	
2024.EXT.0725.1326.510_Bme_Greece	2.2.2.2.2.2.2.2.2.2.2.2.2.2.1.1.1.1.2.2	FFFC3	VVU3	4.89250e-06		#33ffff	
n953	2.2.2.2.2.2.2.2.2.2.2.2.2.2.1.1.1.2	FFFC4	VVU4	3.06000e-08	57	#33ffff	
n954	2.2.2.2.2.2.2.2.2.2.2.2.2.2.1.1.1.2.1	FFFC4	VVU4	3.05800e-07	71	#33ffff	
n955	2.2.2.2.2.2.2.2.2.2.2.2.2.2.1.1.1.2.1.1	FFFC4	VVU4	1.22310e-06	99	#33ffff	
n956	2.2.2.2.2.2.2.2.2.2.2.2.2.2.1.1.1.2.1.1.1	FFFC40	VVU40	3.05800e-07	76	#33ffff	
2024.EXT.0725.1323.440_Bme_Greece	2.2.2.2.2.2.2.2.2.2.2.2.2.2.1.1.1.2.1.1.1.1	FFFC40	VVU40	3.66940e-06		#33ffff	
2024.EXT.0725.1324.510_Bme_Greece	2.2.2.2.2.2.2.2.2.2.2.2.2.2.1.1.1.2.1.1.1.2	FFFC44	VVU48	5.80990e-06		#33ffff	
2024.EXT.0725.1323.580_Bme_Greece	2.2.2.2.2.2.2.2.2.2.2.2.2.2.1.1.1.2.1.1.2	FFFC48	VVU4G	5.19830e-06		#33ffff	
2024.EXT.0725.1323.500_Bme_Greece	2.2.2.2.2.2.2.2.2.2.2.2.2.2.1.1.1.2.1.2	FFFC5	VVU5	5.19830e-06		#33ffff	
2024.EXT.0725.1552.340_Bme_Austria	2.2.2.2.2.2.2.2.2.2.2.2.2.2.1.1.1.2.2	FFFC6	VVU6	6.11570e-06		#33ffff	
2024.EXT.0725.2146.360_Bme_Turkey	2.2.2.2.2.2.2.2.2.2.2.2.2.2.1.1.2	FFFC8	VVU8	1.22314e-05		#33ffff	
n963	2.2.2.2.2.2.2.2.2.2.2.2.2.2.1.2	FFFD	VVUG	7.03300e-06	100	#33ffff	
n964	2.2.2.2.2.2.2.2.2.2.2.2.2.2.1.2.1	FFFD0	VVUG	1.96124e-05	100	#33ffff	
2024.EXT.0725.1330.270_Bme	2.2.2.2.2.2.2.2.2.2.2.2.2.2.1.2.1.1	FFFD0	VVUG	3.97520e-06		#33ffff	
2024.EXT.0725.1335.440_Bme	2.2.2.2.2.2.2.2.2.2.2.2.2.2.1.2.1.2	FFFD4	VVUK	5.50410e-06		#33ffff	
n967	2.2.2.2.2.2.2.2.2.2.2.2.2.2.1.2.2	FFFD8	VVUO	4.28090e-06	100	#33ffff	
n968	2.2.2.2.2.2.2.2.2.2.2.2.2.2.1.2.2.1	FFFD8	VVUO	1.83470e-06	100	#33ffff	
n969	2.2.2.2.2.2.2.2.2.2.2.2.2.2.1.2.2.1.1	FFFD8	VVUO	2.14050e-06	100	#33ffff	
2024.EXT.0725.1333.170_Bme	2.2.2.2.2.2.2.2.2.2.2.2.2.2.1.2.2.1.1.1	FFFD8	VVUO	1.00909e-05		#33ffff	
2024.EXT.0725.2055.130_Bme	2.2.2.2.2.2.2.2.2.2.2.2.2.2.1.2.2.1.1.2	FFFD9	VVUP	7.03300e-06		#33ffff	
2024.EXT.0725.1444.020_Bme_Iran	2.2.2.2.2.2.2.2.2.2.2.2.2.2.1.2.2.1.2	FFFDA	VVUQ	9.78510e-06		#33ffff	
n973	2.2.2.2.2.2.2.2.2.2.2.2.2.2.1.2.2.2	FFFDC	VVUS	7.64460e-06	100	#33ffff	
2024.EXT.0725.1438.380_Bme_Iran	2.2.2.2.2.2.2.2.2.2.2.2.2.2.1.2.2.2.1	FFFDC	VVUS	7.03300e-06		#33ffff	
2024.EXT.0725.1439.180_Bme_Iran	2.2.2.2.2.2.2.2.2.2.2.2.2.2.1.2.2.2.2	FFFDE	VVUU	5.19830e-06		#33ffff	
n976	2.2.2.2.2.2.2.2.2.2.2.2.2.2.2	FFFE	VVV	2.44620e-06	100	#33ffff	
n977	2.2.2.2.2.2.2.2.2.2.2.2.2.2.2.1	FFFE	VVV0	3.36360e-06	99	#33ffff	
n978	2.2.2.2.2.2.2.2.2.2.2.2.2.2.2.1.1	FFFE0	VVV0	3.48130e-06	100	#33ffff	
n979	2.2.2.2.2.2.2.2.2.2.2.2.2.2.2.1.1.1	FFFE0	VVV0	2.75200e-06	97	#33ffff	
n980	2.2.2.2.2.2.2.2.2.2.2.2.2.2.2.1.1.1.1	FFFE0	VVV0	2.01700e-06	100	#33ffff	
n981	2.2.2.2.2.2.2.2.2.2.2.2.2.2.2.1.1.1.1.1	FFFE0	VVV0	3.05800e-07	62	#33ffff	
n982	2.2.2.2.2.2.2.2.2.2.2.2.2.2.2.1.1.1.1.1.1	FFFE00	VVV00	4.89250e-06	100	#33ffff	
2024.EXT.0725.1342.540_Bme_Norway	2.2.2.2.2.2.2.2.2.2.2.2.2.2.2.1.1.1.1.1.1.1	FFFE00	VVV00	4.58670e-06		#33ffff	
2024.EXT.0725.2304.300_Bme_Sweden	2.2.2.2.2.2.2.2.2.2.2.2.2.2.2.1.1.1.1.1.1.2	FFFE04	VVV08	2.14050e-06		#33ffff	
n985	2.2.2.2.2.2.2.2.2.2.2.2.2.2.2.1.1.1.1.1.2	FFFE08	VVV0G	4.58670e-06	100	#33ffff	
n986	2.2.2.2.2.2.2.2.2.2.2.2.2.2.2.1.1.1.1.1.2.1	FFFE08	VVV0G	3.05780e-06	100	#33ffff	
2024.EXT.0725.2104.310_Bme_Iraq	2.2.2.2.2.2.2.2.2.2.2.2.2.2.2.1.1.1.1.1.2.1.1	FFFE08	VVV0G	4.89250e-06		#33ffff	
2024.EXT.0725.2305.010_Bme_Sweden	2.2.2.2.2.2.2.2.2.2.2.2.2.2.2.1.1.1.1.1.2.1.2	FFFE0A	VVV0K	3.97520e-06		#33ffff	
2024.EXT.0725.2200.160_Bme_Somalia	2.2.2.2.2.2.2.2.2.2.2.2.2.2.2.1.1.1.1.1.2.2	FFFE0C	VVV0O	3.97520e-06		#33ffff	
2024.EXT.0725.2307.490_Bme_Sweden	2.2.2.2.2.2.2.2.2.2.2.2.2.2.2.1.1.1.1.2	FFFE1	VVV1	8.25620e-06		#33ffff	
2024.EXT.0725.2307.170_Bme_Sweden	2.2.2.2.2.2.2.2.2.2.2.2.2.2.2.1.1.1.2	FFFE2	VVV2	1.29791e-05		#33ffff	
2024.EXT.0725.2301.490_Bme_Sweden	2.2.2.2.2.2.2.2.2.2.2.2.2.2.2.1.1.2	FFFE4	VVV4	1.67404e-05		#33ffff	
2024.EXT.0725.2052.150_Bme_Iraq	2.2.2.2.2.2.2.2.2.2.2.2.2.2.2.1.2	FFFE8	VVV8	1.59331e-05		#33ffff	
n994	2.2.2.2.2.2.2.2.2.2.2.2.2.2.2.2	FFFF	VVVG	1.52890e-06	100	#33ffff	
n995	2.2.2.2.2.2.2.2.2.2.2.2.2.2.2.2.1	FFFF0	VVVG	1.22310e-06	98	#33ffff	
n996	2.2.2.2.2.2.2.2.2.2.2.2.2.2.2.2.1.1	FFFF0	VVVG	1.07025e-05	100	#33ffff	
2024.EXT.0725.1325.470_Bme_Greece	2.2.2.2.2.2.2.2.2.2.2.2.2.2.2.2.1.1.1	FFFF0	VVVG	8.56190e-06		#33ffff	
n998	2.2.2.2.2.2.2.2.2.2.2.2.2.2.2.2.1.1.2	FFFF2	VVVI	2.75200e-06	100	#33ffff	
n999	2.2.2.2.2.2.2.2.2.2.2.2.2.2.2.2.1.1.2.1	FFFF2	VVVI	3.05800e-07	71	#33ffff	
2024.EXT.0725.1343.000_Bme_Norway	2.2.2.2.2.2.2.2.2.2.2.2.2.2.2.2.1.1.2.1.1	FFFF20	VVVI0	3.97520e-06		#33ffff	
2024.EXT.0725.2056.060_Bme_Turkey	2.2.2.2.2.2.2.2.2.2.2.2.2.2.2.2.1.1.2.1.2	FFFF28	VVVIG	4.28090e-06		#33ffff	
2024.EXT.0725.1858.050_Bme_Greece	2.2.2.2.2.2.2.2.2.2.2.2.2.2.2.2.1.1.2.2	FFFF3	VVVJ	4.58670e-06		#33ffff	
n1003	2.2.2.2.2.2.2.2.2.2.2.2.2.2.2.2.1.2	FFFF4	VVVK	6.11600e-07	95	#33ffff	
n1004	2.2.2.2.2.2.2.2.2.2.2.2.2.2.2.2.1.2.1	FFFF4	VVVK	6.42140e-06	100	#33ffff	
n1005	2.2.2.2.2.2.2.2.2.2.2.2.2.2.2.2.1.2.1.1	FFFF4	VVVK	1.13140e-05	100	#33ffff	
2024.EXT.0725.1328.120_Bme_Greece	2.2.2.2.2.2.2.2.2.2.2.2.2.2.2.2.1.2.1.1.1	FFFF40	VVVK0	4.89250e-06		#33ffff	
2024.EXT.0725.1856.530_Bme_Greece	2.2.2.2.2.2.2.2.2.2.2.2.2.2.2.2.1.2.1.1.2	FFFF48	VVVKG	3.97520e-06		#33ffff	
2024.EXT.0725.2105.200_Bme_Turkey	2.2.2.2.2.2.2.2.2.2.2.2.2.2.2.2.1.2.1.2	FFFF5	VVVL	1.37604e-05		#33ffff	
n1009	2.2.2.2.2.2.2.2.2.2.2.2.2.2.2.2.1.2.2	FFFF6	VVVM	1.37604e-05	100	#33ffff	
2024.EXT.0725.2055.060_Bme_Turkey	2.2.2.2.2.2.2.2.2.2.2.2.2.2.2.2.1.2.2.1	FFFF6	VVVM	4.89250e-06		#33ffff	
2024.EXT.0725.2302.510_Bme_Sweden	2.2.2.2.2.2.2.2.2.2.2.2.2.2.2.2.1.2.2.2	FFFF7	VVVN	3.66940e-06		#33ffff	
n1012	2.2.2.2.2.2.2.2.2.2.2.2.2.2.2.2.2	FFFF8	VVVO	8.86770e-06	100	#33ffff	
n1013	2.2.2.2.2.2.2.2.2.2.2.2.2.2.2.2.2.1	FFFF8	VVVO	4.28090e-06	100	#33ffff	
n1014	2.2.2.2.2.2.2.2.2.2.2.2.2.2.2.2.2.1.1	FFFF8	VVVO	6.11600e-07	93	#33ffff	
n1015	2.2.2.2.2.2.2.2.2.2.2.2.2.2.2.2.2.1.1.1	FFFF8	VVVO	1.22310e-06	99	#33ffff	
n1016	2.2.2.2.2.2.2.2.2.2.2.2.2.2.2.2.2.1.1.1.1	FFFF80	VVVO0	2.44620e-06	100	#33ffff	
2024.EXT.0725.1336.180_Bme	2.2.2.2.2.2.2.2.2.2.2.2.2.2.2.2.2.1.1.1.1.1	FFFF80	VVVO0	2.44620e-06		#33ffff	
2024.EXT.0725.1343.580_Bme_Norway	2.2.2.2.2.2.2.2.2.2.2.2.2.2.2.2.2.1.1.1.1.2	FFFF84	VVVO8	2.44620e-06		#33ffff	
2024.EXT.0725.2302.260_Bme_Sweden	2.2.2.2.2.2.2.2.2.2.2.2.2.2.2.2.2.1.1.1.2	FFFF88	VVVOG	3.66940e-06		#33ffff	
2024.EXT.0725.2300.020_Bme_Sweden	2.2.2.2.2.2.2.2.2.2.2.2.2.2.2.2.2.1.1.2	FFFF9	VVVP	6.11570e-06		#33ffff	
n1021	2.2.2.2.2.2.2.2.2.2.2.2.2.2.2.2.2.1.2	FFFFA	VVVQ	9.74800e-07	99	#33ffff	
n1022	2.2.2.2.2.2.2.2.2.2.2.2.2.2.2.2.2.1.2.1	FFFFA	VVVQ	1.22310e-06	71	#33ffff	
2024.EXT.0725.2305.400_Bme_Sweden	2.2.2.2.2.2.2.2.2.2.2.2.2.2.2.2.2.1.2.1.1	FFFFA0	VVVQ0	3.59300e-06		#33ffff	
2024.EXT.0725.2305.520_Bme_Sweden	2.2.2.2.2.2.2.2.2.2.2.2.2.2.2.2.2.1.2.1.2	FFFFA8	VVVQG	1.28420e-06		#33ffff	
2024.EXT.0725.2306.310_Bme_Sweden	2.2.2.2.2.2.2.2.2.2.2.2.2.2.2.2.2.1.2.2	FFFFB	VVVR	4.53870e-06		#33ffff	
n1026	2.2.2.2.2.2.2.2.2.2.2.2.2.2.2.2.2.2	FFFFC	VVVS	3.36360e-06	100	#33ffff	
n1027	2.2.2.2.2.2.2.2.2.2.2.2.2.2.2.2.2.2.1	FFFFC	VVVS	1.22310e-06	98	#33ffff	
2024.EXT.0725.1343.370_Bme_Norway	2.2.2.2.2.2.2.2.2.2.2.2.2.2.2.2.2.2.1.1	FFFFC	VVVS	7.03300e-06		#33ffff	
n1029	2.2.2.2.2.2.2.2.2.2.2.2.2.2.2.2.2.2.1.2	FFFFD	VVVT	3.05800e-07	73	#33ffff	
2024.EXT.0725.1438.310_Bme_Iran	2.2.2.2.2.2.2.2.2.2.2.2.2.2.2.2.2.2.1.2.1	FFFFD0	VVVT0	3.66940e-06		#33ffff	
2024.EXT.0725.2308.390_Bme_Sweden	2.2.2.2.2.2.2.2.2.2.2.2.2.2.2.2.2.2.1.2.2	FFFFD8	VVVTG	6.72720e-06		#33ffff	
n1032	2.2.2.2.2.2.2.2.2.2.2.2.2.2.2.2.2.2.2	FFFFE	VVVU	6.72720e-06	100	#33ffff	
n1033	2.2.2.2.2.2.2.2.2.2.2.2.2.2.2.2.2.2.2.1	FFFFE	VVVU	9.17300e-07	95	#33ffff	
n1034	2.2.2.2.2.2.2.2.2.2.2.2.2.2.2.2.2.2.2.1.1	FFFFE0	VVVU0	3.06000e-08	81	#33ffff	
n1035	2.2.2.2.2.2.2.2.2.2.2.2.2.2.2.2.2.2.2.1.1.1	FFFFE0	VVVU0	1.52890e-06	92	#33ffff	
2024.EXT.0725.1356.520_Bme_Germany	2.2.2.2.2.2.2.2.2.2.2.2.2.2.2.2.2.2.2.1.1.1.1	FFFFE0	VVVU0	3.36360e-06		#33ffff	
n1037	2.2.2.2.2.2.2.2.2.2.2.2.2.2.2.2.2.2.2.1.1.1.2	FFFFE2	VVVU4	3.06000e-08	83	#33ffff	
2024.EXT.0725.2102.270_Bme_Syria	2.2.2.2.2.2.2.2.2.2.2.2.2.2.2.2.2.2.2.1.1.1.2.1	FFFFE2	VVVU4	1.52890e-06		#33ffff	
2024.EXT.0725.2308.310_Bme_Sweden	2.2.2.2.2.2.2.2.2.2.2.2.2.2.2.2.2.2.2.1.1.1.2.2	FFFFE3	VVVU6	1.52890e-06		#33ffff	
2024.EXT.0725.2304.540_Bme_Sweden	2.2.2.2.2.2.2.2.2.2.2.2.2.2.2.2.2.2.2.1.1.2	FFFFE4	VVVU8	3.66940e-06		#33ffff	
2024.EXT.0725.2300.410_Bme_Sweden	2.2.2.2.2.2.2.2.2.2.2.2.2.2.2.2.2.2.2.1.2	FFFFE8	VVVUG	3.66940e-06		#33ffff	
n1042	2.2.2.2.2.2.2.2.2.2.2.2.2.2.2.2.2.2.2.2	FFFFF	VVVV	6.11600e-07	99	#33ffff	
n1043	2.2.2.2.2.2.2.2.2.2.2.2.2.2.2.2.2.2.2.2.1	FFFFF0	VVVV0	3.05800e-07	81	#33ffff	
n1044	2.2.2.2.2.2.2.2.2.2.2.2.2.2.2.2.2.2.2.2.1.1	FFFFF0	VVVV0	3.05800e-07	98	#33ffff	
n1045	2.2.2.2.2.2.2.2.2.2.2.2.2.2.2.2.2.2.2.2.1.1.1	FFFFF0	VVVV0	2.44620e-06	100	#33ffff	
2024.EXT.0725.1915.210_Bme_Iraq	2.2.2.2.2.2.2.2.2.2.2.2.2.2.2.2.2.2.2.2.1.1.1.1	FFFFF0	VVVV0	3.66940e-06		#33ffff	
2024.EXT.0725.2309.110_Bme_Sweden	2.2.2.2.2.2.2.2.2.2.2.2.2.2.2.2.2.2.2.2.1.1.1.2	FFFFF1	VVVV2	4.28090e-06		#33ffff	
2024.EXT.0725.2106.000_Bme_Turkey	2.2.2.2.2.2.2.2.2.2.2.2.2.2.2.2.2.2.2.2.1.1.2	FFFFF2	VVVV4	4.58670e-06		#33ffff	
2024.EXT.0725.2302.440_Bme_Sweden	2.2.2.2.2.2.2.2.2.2.2.2.2.2.2.2.2.2.2.2.1.2	FFFFF4	VVVV8	2.44620e-06		#33ffff	
n1050	2.2.2.2.2.2.2.2.2.2.2.2.2.2.2.2.2.2.2.2.2	FFFFF8	VVVVG	1.22310e-06	99	#33ffff	
n1051	2.2.2.2.2.2.2.2.2.2.2.2.2.2.2.2.2.2.2.2.2.1	FFFFF8	VVVVG	3.05800e-07	66	#33ffff	
n1052	2.2.2.2.2.2.2.2.2.2.2.2.2.2.2.2.2.2.2.2.2.1.1	FFFFF8	VVVVG	3.06000e-08	47	#33ffff	
2024.EXT.0725.2056.440_Bme_Turkey	2.2.2.2.2.2.2.2.2.2.2.2.2.2.2.2.2.2.2.2.2.1.1.1	FFFFF8	VVVVG	2.14050e-06		#33ffff	
2024.EXT.0725.2306.380_Bme_Sweden	2.2.2.2.2.2.2.2.2.2.2.2.2.2.2.2.2.2.2.2.2.1.1.2	FFFFF9	VVVVI	1.83470e-06		#33ffff	
2024.EXT.0725.2059.080_Bme_Turkey	2.2.2.2.2.2.2.2.2.2.2.2.2.2.2.2.2.2.2.2.2.1.2	FFFFFA	VVVVK	3.66940e-06		#33ffff	
n1056	2.2.2.2.2.2.2.2.2.2.2.2.2.2.2.2.2.2.2.2.2.2	FFFFFC	VVVVO	6.11600e-07	98	#33ffff	
2024.EXT.0725.1319.260_Bme_Sweden	2.2.2.2.2.2.2.2.2.2.2.2.2.2.2.2.2.2.2.2.2.2.1	FFFFFC	VVVVO	2.75200e-06		#33ffff	
2024.EXT.0725.2304.480_Bme_Sweden	2.2.2.2.2.2.2.2.2.2.2.2.2.2.2.2.2.2.2.2.2.2.2	FFFFFE	VVVVS	1.52890e-06		#33ffff	
