sample	hier_label	hier_label2	hier_label16	hier_label32	branch_length	_pt_highlight	user_colour
n0	0	0	b16:0	b32:0			
n1	1	0	b16:0	b32:0	0		
n2	1.1	0.0	b16:0	b32:0	632	#dc322f	
n3	1.1.1	0.0.0	b16:0	b32:0	9		
n4	1.1.1.1	0.0.0.0	b16:0	b32:0	19		
KX394397.1	1.1.1.1.1	0.0.0.0.0	b16:00	b32:0	2		#dc322f
KX394398.1	1.1.1.1.2	0.0.0.0.1	b16:08	b32:1	0		#dc322f
n7	1.1.1.2	0.0.0.1	b16:1	b32:2	3		
n8	1.1.1.2.1	0.0.0.1.0	b16:10	b32:2	35		
GQ851602.1	1.1.1.2.1.1	0.0.0.1.0.0	b16:10	b32:20	2		#dc322f
KX394396.1	1.1.1.2.1.2	0.0.0.1.0.1	b16:14	b32:2G	3		#dc322f
n11	1.1.1.2.2	0.0.0.1.1	b16:18	b32:3	6		
KX394399.1	1.1.1.2.2.1	0.0.0.1.1.0	b16:18	b32:30	12		#dc322f
n13	1.1.1.2.2.2	0.0.0.1.1.1	b16:1C	b32:3G	24		
KX394402.1	1.1.1.2.2.2.1	0.0.0.1.1.1.0	b16:1C	b32:3G	0		#dc322f
KX394400.1	1.1.1.2.2.2.2	0.0.0.1.1.1.1	b16:1E	b32:3O	0		#dc322f
KX394401.1	1.1.1.2.2.2.3	0.0.0.1.1.1.0.0.1.0	b16:1C8	b32:3I	1		#dc322f
n17	1.1.2	0.0.1	b16:2	b32:4	20		
n18	1.1.2.1	0.0.1.0	b16:2	b32:4	4		
KX394406.1	1.1.2.1.1	0.0.1.0.0	b16:20	b32:4	1		#dc322f
n20	1.1.2.1.2	0.0.1.0.1	b16:28	b32:5	1		
KX394393.1	1.1.2.1.2.1	0.0.1.0.1.0	b16:28	b32:50	0		#dc322f
KX394403.1	1.1.2.1.2.2	0.0.1.0.1.1	b16:2C	b32:5G	0		#dc322f
KX394407.1	1.1.2.1.2.3	0.0.1.0.1.0.0.1.0	b16:290	b32:54	1		#dc322f
n24	1.1.2.1.2.4	0.0.1.0.1.0.0.1.1	b16:298	b32:56	1		
KX394392.1	1.1.2.1.2.4.1	0.0.1.0.1.0.0.1.1.0	b16:298	b32:56	2		#dc322f
KX394405.1	1.1.2.1.2.4.2	0.0.1.0.1.0.0.1.1.1	b16:29C	b32:57	0		#dc322f
n27	1.1.2.2	0.0.1.1	b16:3	b32:6	1		
KX394408.1	1.1.2.2.1	0.0.1.1.0	b16:30	b32:6	9		#dc322f
n29	1.1.2.2.2	0.0.1.1.1	b16:38	b32:7	1		
KX394409.1	1.1.2.2.2.1	0.0.1.1.1.0	b16:38	b32:70	8		#dc322f
KX394404.1	1.1.2.2.2.2	0.0.1.1.1.1	b16:3C	b32:7G	14		#dc322f
n32	1.1.2.2.3	0.0.1.1.0.0.1.0	b16:32	b32:68	30		
KX394410.1	1.1.2.2.3.1	0.0.1.1.0.0.1.0.0	b16:320	b32:68	15		#dc322f
n34	1.1.2.2.3.2	0.0.1.1.0.0.1.0.1	b16:328	b32:6A	44		
KX394383.1	1.1.2.2.3.2.1	0.0.1.1.0.0.1.0.1.0	b16:328	b32:6A	15		#dc322f
n36	1.1.2.2.3.2.2	0.0.1.1.0.0.1.0.1.1	b16:32C	b32:6B	8		
n37	1.1.2.2.3.2.2.1	0.0.1.1.0.0.1.0.1.1.0	b16:32C	b32:6B0	2		
n38	1.1.2.2.3.2.2.1.1	0.0.1.1.0.0.1.0.1.1.0.0	b16:32C	b32:6B0	24		
LC802098.1	1.1.2.2.3.2.2.1.1.1	0.0.1.1.0.0.1.0.1.1.0.0.0	b16:32C0	b32:6B0	2		#dc322f
LC802099.1	1.1.2.2.3.2.2.1.1.2	0.0.1.1.0.0.1.0.1.1.0.0.1	b16:32C8	b32:6B4	2		#dc322f
n41	1.1.2.2.3.2.2.1.2	0.0.1.1.0.0.1.0.1.1.0.1	b16:32D	b32:6B8	16		
KX394389.1	1.1.2.2.3.2.2.1.2.1	0.0.1.1.0.0.1.0.1.1.0.1.0	b16:32D0	b32:6B8	1		#dc322f
n43	1.1.2.2.3.2.2.1.2.2	0.0.1.1.0.0.1.0.1.1.0.1.1	b16:32D8	b32:6BC	1		
KX394384.1	1.1.2.2.3.2.2.1.2.2.1	0.0.1.1.0.0.1.0.1.1.0.1.1.0	b16:32D8	b32:6BC	1		#dc322f
n45	1.1.2.2.3.2.2.1.2.2.2	0.0.1.1.0.0.1.0.1.1.0.1.1.1	b16:32DC	b32:6BE	1		
KX394387.1	1.1.2.2.3.2.2.1.2.2.2.1	0.0.1.1.0.0.1.0.1.1.0.1.1.1.0	b16:32DC	b32:6BE	1		#dc322f
KX394388.1	1.1.2.2.3.2.2.1.2.2.2.2	0.0.1.1.0.0.1.0.1.1.0.1.1.1.1	b16:32DE	b32:6BF	1		#dc322f
n48	1.1.2.2.3.2.2.1.2.2.3	0.0.1.1.0.0.1.0.1.1.0.1.1.0.0.1.0	b16:32D90	b32:6BCG	2		
KX394385.1	1.1.2.2.3.2.2.1.2.2.3.1	0.0.1.1.0.0.1.0.1.1.0.1.1.0.0.1.0.0	b16:32D90	b32:6BCG	2		#dc322f
KX394386.1	1.1.2.2.3.2.2.1.2.2.3.2	0.0.1.1.0.0.1.0.1.1.0.1.1.0.0.1.0.1	b16:32D94	b32:6BCK	2		#dc322f
n51	1.1.2.2.3.2.2.1.2.2.4	0.0.1.1.0.0.1.0.1.1.0.1.1.0.0.1.1	b16:32D98	b32:6BCO	2		
KX394391.1	1.1.2.2.3.2.2.1.2.2.4.1	0.0.1.1.0.0.1.0.1.1.0.1.1.0.0.1.1.0	b16:32D98	b32:6BCO	0		#dc322f
KX394390.1	1.1.2.2.3.2.2.1.2.2.4.2	0.0.1.1.0.0.1.0.1.1.0.1.1.0.0.1.1.1	b16:32D9C	b32:6BCS	0		#dc322f
KX394411.1	1.1.2.2.3.2.2.1.2.2.4.3	0.0.1.1.0.0.1.0.1.1.0.1.1.0.0.1.1.0.0.1.0	b16:32D990	b32:6BCP0	2		#dc322f
n55	1.1.2.2.3.2.2.2	0.0.1.1.0.0.1.0.1.1.1	b16:32E	b32:6BG	11		
KX394394.1	1.1.2.2.3.2.2.2.1	0.0.1.1.0.0.1.0.1.1.1.0	b16:32E	b32:6BG	49		#dc322f
n57	1.1.2.2.3.2.2.2.2	0.0.1.1.0.0.1.0.1.1.1.1	b16:32F	b32:6BO	1		
KX394381.1	1.1.2.2.3.2.2.2.2.1	0.0.1.1.0.0.1.0.1.1.1.1.0	b16:32F0	b32:6BO	18		#dc322f
n59	1.1.2.2.3.2.2.2.2.2	0.0.1.1.0.0.1.0.1.1.1.1.1	b16:32F8	b32:6BS	37		
KT934796.1	1.1.2.2.3.2.2.2.2.2.1	0.0.1.1.0.0.1.0.1.1.1.1.1.0	b16:32F8	b32:6BS	49		#dc322f
n61	1.1.2.2.3.2.2.2.2.2.2	0.0.1.1.0.0.1.0.1.1.1.1.1.1	b16:32FC	b32:6BU	80		
n62	1.1.2.2.3.2.2.2.2.2.2.1	0.0.1.1.0.0.1.0.1.1.1.1.1.1.0	b16:32FC	b32:6BU	29		
GQ851603.1	1.1.2.2.3.2.2.2.2.2.2.1.1	0.0.1.1.0.0.1.0.1.1.1.1.1.1.0.0	b16:32FC	b32:6BU0	9		#dc322f
KT934797.1	1.1.2.2.3.2.2.2.2.2.2.1.2	0.0.1.1.0.0.1.0.1.1.1.1.1.1.0.1	b16:32FD	b32:6BUG	7		#dc322f
n65	1.1.2.2.3.2.2.2.2.2.2.2	0.0.1.1.0.0.1.0.1.1.1.1.1.1.1	b16:32FE	b32:6BV	32		
n66	1.1.2.2.3.2.2.2.2.2.2.2.1	0.0.1.1.0.0.1.0.1.1.1.1.1.1.1.0	b16:32FE	b32:6BV0	46		
KT934798.1	1.1.2.2.3.2.2.2.2.2.2.2.1.1	0.0.1.1.0.0.1.0.1.1.1.1.1.1.1.0.0	b16:32FE0	b32:6BV0	19		#dc322f
KX394395.1	1.1.2.2.3.2.2.2.2.2.2.2.1.2	0.0.1.1.0.0.1.0.1.1.1.1.1.1.1.0.1	b16:32FE8	b32:6BV8	3		#dc322f
n69	1.1.2.2.3.2.2.2.2.2.2.2.2	0.0.1.1.0.0.1.0.1.1.1.1.1.1.1.1	b16:32FF	b32:6BVG	17		
KT934799.1	1.1.2.2.3.2.2.2.2.2.2.2.2.1	0.0.1.1.0.0.1.0.1.1.1.1.1.1.1.1.0	b16:32FF0	b32:6BVG	40		#dc322f
n71	1.1.2.2.3.2.2.2.2.2.2.2.2.2	0.0.1.1.0.0.1.0.1.1.1.1.1.1.1.1.1	b16:32FF8	b32:6BVO	37		
KT934803.1	1.1.2.2.3.2.2.2.2.2.2.2.2.2.1	0.0.1.1.0.0.1.0.1.1.1.1.1.1.1.1.1.0	b16:32FF8	b32:6BVO	52		#dc322f
n73	1.1.2.2.3.2.2.2.2.2.2.2.2.2.2	0.0.1.1.0.0.1.0.1.1.1.1.1.1.1.1.1.1	b16:32FFC	b32:6BVS	25		
KT934800.1	1.1.2.2.3.2.2.2.2.2.2.2.2.2.2.1	0.0.1.1.0.0.1.0.1.1.1.1.1.1.1.1.1.1.0	b16:32FFC	b32:6BVS	38		#dc322f
n75	1.1.2.2.3.2.2.2.2.2.2.2.2.2.2.2	0.0.1.1.0.0.1.0.1.1.1.1.1.1.1.1.1.1.1	b16:32FFE	b32:6BVU	19		
KT934802.1	1.1.2.2.3.2.2.2.2.2.2.2.2.2.2.2.1	0.0.1.1.0.0.1.0.1.1.1.1.1.1.1.1.1.1.1.0	b16:32FFE	b32:6BVU	41		#dc322f
n77	1.1.2.2.3.2.2.2.2.2.2.2.2.2.2.2.2	0.0.1.1.0.0.1.0.1.1.1.1.1.1.1.1.1.1.1.1	b16:32FFF	b32:6BVV	23		
KT934801.1	1.1.2.2.3.2.2.2.2.2.2.2.2.2.2.2.2.1	0.0.1.1.0.0.1.0.1.1.1.1.1.1.1.1.1.1.1.1.0	b16:32FFF0	b32:6BVV0	34		#dc322f
n79	1.1.2.2.3.2.2.2.2.2.2.2.2.2.2.2.2.2	0.0.1.1.0.0.1.0.1.1.1.1.1.1.1.1.1.1.1.1.1	b16:32FFF8	b32:6BVVG	20		
MN954648.1	1.1.2.2.3.2.2.2.2.2.2.2.2.2.2.2.2.2.1	0.0.1.1.0.0.1.0.1.1.1.1.1.1.1.1.1.1.1.1.1.0	b16:32FFF8	b32:6BVVG	54		#dc322f
n81	1.1.2.2.3.2.2.2.2.2.2.2.2.2.2.2.2.2.2	0.0.1.1.0.0.1.0.1.1.1.1.1.1.1.1.1.1.1.1.1.1	b16:32FFFC	b32:6BVVO	3		
KX394382.1	1.1.2.2.3.2.2.2.2.2.2.2.2.2.2.2.2.2.2.1	0.0.1.1.0.0.1.0.1.1.1.1.1.1.1.1.1.1.1.1.1.1.0	b16:32FFFC	b32:6BVVO	3		#dc322f
JX123030.1	1.1.2.2.3.2.2.2.2.2.2.2.2.2.2.2.2.2.2.2	0.0.1.1.0.0.1.0.1.1.1.1.1.1.1.1.1.1.1.1.1.1.1	b16:32FFFE	b32:6BVVS	4		#dc322f
JX123031.1	1.1.2.2.3.2.2.2.2.2.2.2.2.2.2.2.2.2.2.3	0.0.1.1.0.0.1.0.1.1.1.1.1.1.1.1.1.1.1.1.1.1.0.0.1.0	b16:32FFFC8	b32:6BVVP0	3		#dc322f
n85	1.1.2.2.3.2.2.2.2.2.2.2.2.2.2.2.2.2.2.4	0.0.1.1.0.0.1.0.1.1.1.1.1.1.1.1.1.1.1.1.1.1.0.0.1.1	b16:32FFFCC	b32:6BVVPG	1		
JN887352.1	1.1.2.2.3.2.2.2.2.2.2.2.2.2.2.2.2.2.2.4.1	0.0.1.1.0.0.1.0.1.1.1.1.1.1.1.1.1.1.1.1.1.1.0.0.1.1.0	b16:32FFFCC	b32:6BVVPG	0		#dc322f
KT934804.1	1.1.2.2.3.2.2.2.2.2.2.2.2.2.2.2.2.2.2.4.2	0.0.1.1.0.0.1.0.1.1.1.1.1.1.1.1.1.1.1.1.1.1.0.0.1.1.1	b16:32FFFCE	b32:6BVVPO	10		#dc322f
n88	1.2	0.1	b16:4	b32:8	522		
n89	1.2.1	0.1.0	b16:4	b32:8	87	#268bd2	
n90	1.2.1.1	0.1.0.0	b16:4	b32:8	128		
JX041628.1	1.2.1.1.1	0.1.0.0.0	b16:40	b32:8	5		#268bd2
JX041629.1	1.2.1.1.2	0.1.0.0.1	b16:48	b32:9	3		#268bd2
JX041630.1	1.2.1.1.3	0.1.0.0.0.0.1.0	b16:42	b32:88	0		#268bd2
n94	1.2.1.2	0.1.0.1	b16:5	b32:A	106		
KT163243.1	1.2.1.2.1	0.1.0.1.0	b16:50	b32:A	16		#268bd2
n96	1.2.1.2.2	0.1.0.1.1	b16:58	b32:B	1		
HM051416.1	1.2.1.2.2.1	0.1.0.1.1.0	b16:58	b32:B0	37		#268bd2
n98	1.2.1.2.2.2	0.1.0.1.1.1	b16:5C	b32:BG	53		
JX041633.1	1.2.1.2.2.2.1	0.1.0.1.1.1.0	b16:5C	b32:BG	15		#268bd2
KU978768.1	1.2.1.2.2.2.2	0.1.0.1.1.1.1	b16:5E	b32:BO	11		#268bd2
n101	1.2.2	0.1.1	b16:6	b32:C	110		
n102	1.2.2.1	0.1.1.0	b16:6	b32:C	64	#2aa198	
GQ851606.1	1.2.2.1.1	0.1.1.0.0	b16:60	b32:C	108		
GQ851607.1	1.2.2.1.2	0.1.1.0.1	b16:68	b32:D	43		
n105	1.2.2.2	0.1.1.1	b16:7	b32:E	31		
n106	1.2.2.2.1	0.1.1.1.0	b16:70	b32:E	70	#cb4b16	
n107	1.2.2.2.1.1	0.1.1.1.0.0	b16:70	b32:E0	111		
KC601756.1	1.2.2.2.1.1.1	0.1.1.1.0.0.0	b16:70	b32:E0	127		#cb4b16
n109	1.2.2.2.1.1.2	0.1.1.1.0.0.1	b16:72	b32:E8	10		
JX041634.1	1.2.2.2.1.1.2.1	0.1.1.1.0.0.1.0	b16:72	b32:E8	28		#cb4b16
JX442279.1	1.2.2.2.1.1.2.2	0.1.1.1.0.0.1.1	b16:73	b32:EC	90		#cb4b16
n112	1.2.2.2.1.2	0.1.1.1.0.1	b16:74	b32:EG	28		
OP846977.1	1.2.2.2.1.2.1	0.1.1.1.0.1.0	b16:74	b32:EG	79		#cb4b16
n114	1.2.2.2.1.2.2	0.1.1.1.0.1.1	b16:76	b32:EO	120		
PP862727.1	1.2.2.2.1.2.2.1	0.1.1.1.0.1.1.0	b16:76	b32:EO	8		#cb4b16
n116	1.2.2.2.1.2.2.2	0.1.1.1.0.1.1.1	b16:77	b32:ES	0		
KR107956.1	1.2.2.2.1.2.2.2.1	0.1.1.1.0.1.1.1.0	b16:770	b32:ES	10		#cb4b16
HM152773.1	1.2.2.2.1.2.2.2.2	0.1.1.1.0.1.1.1.1	b16:778	b32:EU	15		#cb4b16
n119	1.2.2.2.2	0.1.1.1.1	b16:78	b32:F	1		
n120	1.2.2.2.2.1	0.1.1.1.1.0	b16:78	b32:F0	55	#268bd2	
GQ851608.1	1.2.2.2.2.1.1	0.1.1.1.1.0.0	b16:78	b32:F0	0		#268bd2
KJ958922.1	1.2.2.2.2.1.2	0.1.1.1.1.0.1	b16:7A	b32:F8	15		#268bd2
n123	1.2.2.2.2.2	0.1.1.1.1.1	b16:7C	b32:FG	28		
n124	1.2.2.2.2.2.1	0.1.1.1.1.1.0	b16:7C	b32:FG	137	#d33682	
MW915462.1	1.2.2.2.2.2.1.1	0.1.1.1.1.1.0.0	b16:7C	b32:FG	126		#d33682
n126	1.2.2.2.2.2.1.2	0.1.1.1.1.1.0.1	b16:7D	b32:FK	27		
OP846974.1	1.2.2.2.2.2.1.2.1	0.1.1.1.1.1.0.1.0	b16:7D0	b32:FK	26		#d33682
OP846975.1	1.2.2.2.2.2.1.2.2	0.1.1.1.1.1.0.1.1	b16:7D8	b32:FM	20		#d33682
n129	1.2.2.2.2.2.2	0.1.1.1.1.1.1	b16:7E	b32:FO	61		
OP846971.1	1.2.2.2.2.2.2.1	0.1.1.1.1.1.1.0	b16:7E	b32:FO	95		
n131	1.2.2.2.2.2.2.2	0.1.1.1.1.1.1.1	b16:7F	b32:FS	40		
MN149538.1	1.2.2.2.2.2.2.2.1	0.1.1.1.1.1.1.1.0	b16:7F0	b32:FS	91		
n133	1.2.2.2.2.2.2.2.2	0.1.1.1.1.1.1.1.1	b16:7F8	b32:FU	2		
n134	1.2.2.2.2.2.2.2.2.1	0.1.1.1.1.1.1.1.1.0	b16:7F8	b32:FU	11	#6c71c4	
KY703854.1	1.2.2.2.2.2.2.2.2.1.1	0.1.1.1.1.1.1.1.1.0.0	b16:7F8	b32:FU0	52		#6c71c4
OP846973.1	1.2.2.2.2.2.2.2.2.1.2	0.1.1.1.1.1.1.1.1.0.1	b16:7FA	b32:FUG	59		#6c71c4
n137	1.2.2.2.2.2.2.2.2.2	0.1.1.1.1.1.1.1.1.1	b16:7FC	b32:FV	17		
MF797870.1	1.2.2.2.2.2.2.2.2.2.1	0.1.1.1.1.1.1.1.1.1.0	b16:7FC	b32:FV0	133		
n139	1.2.2.2.2.2.2.2.2.2.2	0.1.1.1.1.1.1.1.1.1.1	b16:7FE	b32:FVG	15	#b58900	
n140	1.2.2.2.2.2.2.2.2.2.2.1	0.1.1.1.1.1.1.1.1.1.1.0	b16:7FE	b32:FVG	47		
KU588135.1	1.2.2.2.2.2.2.2.2.2.2.1.1	0.1.1.1.1.1.1.1.1.1.1.0.0	b16:7FE0	b32:FVG	96		#b58900
OP617270.1	1.2.2.2.2.2.2.2.2.2.2.1.2	0.1.1.1.1.1.1.1.1.1.1.0.1	b16:7FE8	b32:FVK	91		#b58900
n143	1.2.2.2.2.2.2.2.2.2.2.2	0.1.1.1.1.1.1.1.1.1.1.1	b16:7FF	b32:FVO	45		
KC243146.1	1.2.2.2.2.2.2.2.2.2.2.2.1	0.1.1.1.1.1.1.1.1.1.1.1.0	b16:7FF0	b32:FVO	35		#b58900
n145	1.2.2.2.2.2.2.2.2.2.2.2.2	0.1.1.1.1.1.1.1.1.1.1.1.1	b16:7FF8	b32:FVS	2		
n146	1.2.2.2.2.2.2.2.2.2.2.2.2.1	0.1.1.1.1.1.1.1.1.1.1.1.1.0	b16:7FF8	b32:FVS	74		
2025.EXT.1106.1850.227	1.2.2.2.2.2.2.2.2.2.2.2.2.1.1	0.1.1.1.1.1.1.1.1.1.1.1.1.0.0	b16:7FF8	b32:FVS	63		#b58900
2025.EXT.1201.1654.341	1.2.2.2.2.2.2.2.2.2.2.2.2.1.2	0.1.1.1.1.1.1.1.1.1.1.1.1.0.1	b16:7FFA	b32:FVT	44		#b58900
n149	1.2.2.2.2.2.2.2.2.2.2.2.2.2	0.1.1.1.1.1.1.1.1.1.1.1.1.1	b16:7FFC	b32:FVU	85		
LC489409.1	1.2.2.2.2.2.2.2.2.2.2.2.2.2.1	0.1.1.1.1.1.1.1.1.1.1.1.1.1.0	b16:7FFC	b32:FVU	3		#b58900
LC817237.1	1.2.2.2.2.2.2.2.2.2.2.2.2.2.2	0.1.1.1.1.1.1.1.1.1.1.1.1.1.1	b16:7FFE	b32:FVV	1		#b58900
n152	1.2.2.2.2.2.2.2.2.3	0.1.1.1.1.1.1.1.1.0.0.1.0	b16:7F90	b32:FU8	19		
ON813216.1	1.2.2.2.2.2.2.2.2.3.1	0.1.1.1.1.1.1.1.1.0.0.1.0.0	b16:7F90	b32:FU8	97		
n154	1.2.2.2.2.2.2.2.2.3.2	0.1.1.1.1.1.1.1.1.0.0.1.0.1	b16:7F94	b32:FUA	1		
HM152775.1	1.2.2.2.2.2.2.2.2.3.2.1	0.1.1.1.1.1.1.1.1.0.0.1.0.1.0	b16:7F94	b32:FUA	74		
AY701412.1	1.2.2.2.2.2.2.2.2.3.2.2	0.1.1.1.1.1.1.1.1.0.0.1.0.1.1	b16:7F96	b32:FUB	47		
n157	1.2.2.2.2.2.2.2.2.3.2.3	0.1.1.1.1.1.1.1.1.0.0.1.0.1.0.0.1.0	b16:7F948	b32:FUA8	7		
n158	1.2.2.2.2.2.2.2.2.3.2.3.1	0.1.1.1.1.1.1.1.1.0.0.1.0.1.0.0.1.0.0	b16:7F948	b32:FUA8	5	#859900	
n159	1.2.2.2.2.2.2.2.2.3.2.3.1.1	0.1.1.1.1.1.1.1.1.0.0.1.0.1.0.0.1.0.0.0	b16:7F948	b32:FUA8	105		
JN858069.1	1.2.2.2.2.2.2.2.2.3.2.3.1.1.1	0.1.1.1.1.1.1.1.1.0.0.1.0.1.0.0.1.0.0.0.0	b16:7F9480	b32:FUA80	3		#859900
JQ928175.1	1.2.2.2.2.2.2.2.2.3.2.3.1.1.2	0.1.1.1.1.1.1.1.1.0.0.1.0.1.0.0.1.0.0.0.1	b16:7F9488	b32:FUA8G	1		#859900
n162	1.2.2.2.2.2.2.2.2.3.2.3.1.2	0.1.1.1.1.1.1.1.1.0.0.1.0.1.0.0.1.0.0.1	b16:7F949	b32:FUA9	84		
n163	1.2.2.2.2.2.2.2.2.3.2.3.1.2.1	0.1.1.1.1.1.1.1.1.0.0.1.0.1.0.0.1.0.0.1.0	b16:7F9490	b32:FUA90	2		
2021.TE.292083.2.2	1.2.2.2.2.2.2.2.2.3.2.3.1.2.1.1	0.1.1.1.1.1.1.1.1.0.0.1.0.1.0.0.1.0.0.1.0.0	b16:7F9490	b32:FUA90	0		#859900
MW835364.1	1.2.2.2.2.2.2.2.2.3.2.3.1.2.1.2	0.1.1.1.1.1.1.1.1.0.0.1.0.1.0.0.1.0.0.1.0.1	b16:7F9494	b32:FUA98	0		#859900
n166	1.2.2.2.2.2.2.2.2.3.2.3.1.2.2	0.1.1.1.1.1.1.1.1.0.0.1.0.1.0.0.1.0.0.1.1	b16:7F9498	b32:FUA9G	1		
KC954092.1	1.2.2.2.2.2.2.2.2.3.2.3.1.2.2.1	0.1.1.1.1.1.1.1.1.0.0.1.0.1.0.0.1.0.0.1.1.0	b16:7F9498	b32:FUA9G	6		#859900
n168	1.2.2.2.2.2.2.2.2.3.2.3.1.2.2.2	0.1.1.1.1.1.1.1.1.0.0.1.0.1.0.0.1.0.0.1.1.1	b16:7F949C	b32:FUA9O	1		
JX556213.1	1.2.2.2.2.2.2.2.2.3.2.3.1.2.2.2.1	0.1.1.1.1.1.1.1.1.0.0.1.0.1.0.0.1.0.0.1.1.1.0	b16:7F949C	b32:FUA9O	5		#859900
JQ928174.1	1.2.2.2.2.2.2.2.2.3.2.3.1.2.2.2.2	0.1.1.1.1.1.1.1.1.0.0.1.0.1.0.0.1.0.0.1.1.1.1	b16:7F949E	b32:FUA9S	5		#859900
n171	1.2.2.2.2.2.2.2.2.3.2.3.1.2.2.3	0.1.1.1.1.1.1.1.1.0.0.1.0.1.0.0.1.0.0.1.1.0.0.1.0	b16:7F94990	b32:FUA9I	23		
KF823807.1	1.2.2.2.2.2.2.2.2.3.2.3.1.2.2.3.1	0.1.1.1.1.1.1.1.1.0.0.1.0.1.0.0.1.0.0.1.1.0.0.1.0.0	b16:7F94990	b32:FUA9I0	6		#859900
KF647253.1	1.2.2.2.2.2.2.2.2.3.2.3.1.2.2.3.2	0.1.1.1.1.1.1.1.1.0.0.1.0.1.0.0.1.0.0.1.1.0.0.1.0.1	b16:7F94994	b32:FUA9IG	3		#859900
n174	1.2.2.2.2.2.2.2.2.3.2.3.2	0.1.1.1.1.1.1.1.1.0.0.1.0.1.0.0.1.0.1	b16:7F94A	b32:FUAA	3		
n175	1.2.2.2.2.2.2.2.2.3.2.3.2.1	0.1.1.1.1.1.1.1.1.0.0.1.0.1.0.0.1.0.1.0	b16:7F94A	b32:FUAA	72	#dc322f	
JF707789.1	1.2.2.2.2.2.2.2.2.3.2.3.2.1.1	0.1.1.1.1.1.1.1.1.0.0.1.0.1.0.0.1.0.1.0.0	b16:7F94A0	b32:FUAA0	26		#dc322f
n177	1.2.2.2.2.2.2.2.2.3.2.3.2.1.2	0.1.1.1.1.1.1.1.1.0.0.1.0.1.0.0.1.0.1.0.1	b16:7F94A8	b32:FUAAG	7		
FJ766331.1	1.2.2.2.2.2.2.2.2.3.2.3.2.1.2.1	0.1.1.1.1.1.1.1.1.0.0.1.0.1.0.0.1.0.1.0.1.0	b16:7F94A8	b32:FUAAG	4		#dc322f
FJ766332.1	1.2.2.2.2.2.2.2.2.3.2.3.2.1.2.2	0.1.1.1.1.1.1.1.1.0.0.1.0.1.0.0.1.0.1.0.1.1	b16:7F94AC	b32:FUAAO	2		#dc322f
n180	1.2.2.2.2.2.2.2.2.3.2.3.2.2	0.1.1.1.1.1.1.1.1.0.0.1.0.1.0.0.1.0.1.1	b16:7F94B	b32:FUAB	29		
AY701413.1	1.2.2.2.2.2.2.2.2.3.2.3.2.2.1	0.1.1.1.1.1.1.1.1.0.0.1.0.1.0.0.1.0.1.1.0	b16:7F94B0	b32:FUAB0	41		
n182	1.2.2.2.2.2.2.2.2.3.2.3.2.2.2	0.1.1.1.1.1.1.1.1.0.0.1.0.1.0.0.1.0.1.1.1	b16:7F94B8	b32:FUABG	2		
n183	1.2.2.2.2.2.2.2.2.3.2.3.2.2.2.1	0.1.1.1.1.1.1.1.1.0.0.1.0.1.0.0.1.0.1.1.1.0	b16:7F94B8	b32:FUABG	67	#3cb44b	
DQ786573.1	1.2.2.2.2.2.2.2.2.3.2.3.2.2.2.1.1	0.1.1.1.1.1.1.1.1.0.0.1.0.1.0.0.1.0.1.1.1.0.0	b16:7F94B8	b32:FUABG	0		#3cb44b
DQ786572.1	1.2.2.2.2.2.2.2.2.3.2.3.2.2.2.1.2	0.1.1.1.1.1.1.1.1.0.0.1.0.1.0.0.1.0.1.1.1.0.1	b16:7F94BA	b32:FUABK	0		#3cb44b
n186	1.2.2.2.2.2.2.2.2.3.2.3.2.2.2.2	0.1.1.1.1.1.1.1.1.0.0.1.0.1.0.0.1.0.1.1.1.1	b16:7F94BC	b32:FUABO	28	#4363d8	
PX051445.1	1.2.2.2.2.2.2.2.2.3.2.3.2.2.2.2.1	0.1.1.1.1.1.1.1.1.0.0.1.0.1.0.0.1.0.1.1.1.1.0	b16:7F94BC	b32:FUABO	75		#4363d8
n188	1.2.2.2.2.2.2.2.2.3.2.3.2.2.2.2.2	0.1.1.1.1.1.1.1.1.0.0.1.0.1.0.0.1.0.1.1.1.1.1	b16:7F94BE	b32:FUABS	91		
2025.EXT.1106.1850.221	1.2.2.2.2.2.2.2.2.3.2.3.2.2.2.2.2.1	0.1.1.1.1.1.1.1.1.0.0.1.0.1.0.0.1.0.1.1.1.1.1.0	b16:7F94BE	b32:FUABS	6		#4363d8
n190	1.2.2.2.2.2.2.2.2.3.2.3.2.2.2.2.2.2	0.1.1.1.1.1.1.1.1.0.0.1.0.1.0.0.1.0.1.1.1.1.1.1	b16:7F94BF	b32:FUABU	1		
2025.EXT.1106.1850.222	1.2.2.2.2.2.2.2.2.3.2.3.2.2.2.2.2.2.1	0.1.1.1.1.1.1.1.1.0.0.1.0.1.0.0.1.0.1.1.1.1.1.1.0	b16:7F94BF0	b32:FUABU	3		#4363d8
n192	1.2.2.2.2.2.2.2.2.3.2.3.2.2.2.2.2.2.2	0.1.1.1.1.1.1.1.1.0.0.1.0.1.0.0.1.0.1.1.1.1.1.1.1	b16:7F94BF8	b32:FUABV	3		
2025.EXT.1106.1850.223	1.2.2.2.2.2.2.2.2.3.2.3.2.2.2.2.2.2.2.1	0.1.1.1.1.1.1.1.1.0.0.1.0.1.0.0.1.0.1.1.1.1.1.1.1.0	b16:7F94BF8	b32:FUABV0	6		#4363d8
n194	1.2.2.2.2.2.2.2.2.3.2.3.2.2.2.2.2.2.2.2	0.1.1.1.1.1.1.1.1.0.0.1.0.1.0.0.1.0.1.1.1.1.1.1.1.1	b16:7F94BFC	b32:FUABVG	3		
2025.EXT.1106.1850.224	1.2.2.2.2.2.2.2.2.3.2.3.2.2.2.2.2.2.2.2.1	0.1.1.1.1.1.1.1.1.0.0.1.0.1.0.0.1.0.1.1.1.1.1.1.1.1.0	b16:7F94BFC	b32:FUABVG	6		#4363d8
2025.EXT.1106.1850.229	1.2.2.2.2.2.2.2.2.3.2.3.2.2.2.2.2.2.2.2.2	0.1.1.1.1.1.1.1.1.0.0.1.0.1.0.0.1.0.1.1.1.1.1.1.1.1.1	b16:7F94BFE	b32:FUABVO	24		#4363d8
n197	1.2.2.2.2.2.2.2.2.3.2.3.2.2.2.3	0.1.1.1.1.1.1.1.1.0.0.1.0.1.0.0.1.0.1.1.1.0.0.1.0	b16:7F94B90	b32:FUABI	5		
n198	1.2.2.2.2.2.2.2.2.3.2.3.2.2.2.3.1	0.1.1.1.1.1.1.1.1.0.0.1.0.1.0.0.1.0.1.1.1.0.0.1.0.0	b16:7F94B90	b32:FUABI0	2		
JF719069.1	1.2.2.2.2.2.2.2.2.3.2.3.2.2.2.3.1.1	0.1.1.1.1.1.1.1.1.0.0.1.0.1.0.0.1.0.1.1.1.0.0.1.0.0.0	b16:7F94B90	b32:FUABI0	72		
n200	1.2.2.2.2.2.2.2.2.3.2.3.2.2.2.3.1.2	0.1.1.1.1.1.1.1.1.0.0.1.0.1.0.0.1.0.1.1.1.0.0.1.0.0.1	b16:7F94B92	b32:FUABI8	2		
n201	1.2.2.2.2.2.2.2.2.3.2.3.2.2.2.3.1.2.1	0.1.1.1.1.1.1.1.1.0.0.1.0.1.0.0.1.0.1.1.1.0.0.1.0.0.1.0	b16:7F94B92	b32:FUABI8	39	#f58231	
2025.EXT.1106.1850.2211	1.2.2.2.2.2.2.2.2.3.2.3.2.2.2.3.1.2.1.1	0.1.1.1.1.1.1.1.1.0.0.1.0.1.0.0.1.0.1.1.1.0.0.1.0.0.1.0.0	b16:7F94B920	b32:FUABI8	89		#f58231
n203	1.2.2.2.2.2.2.2.2.3.2.3.2.2.2.3.1.2.1.2	0.1.1.1.1.1.1.1.1.0.0.1.0.1.0.0.1.0.1.1.1.0.0.1.0.0.1.0.1	b16:7F94B928	b32:FUABIA	21		
ON813215.1	1.2.2.2.2.2.2.2.2.3.2.3.2.2.2.3.1.2.1.2.1	0.1.1.1.1.1.1.1.1.0.0.1.0.1.0.0.1.0.1.1.1.0.0.1.0.0.1.0.1.0	b16:7F94B928	b32:FUABIA	46		#f58231
n205	1.2.2.2.2.2.2.2.2.3.2.3.2.2.2.3.1.2.1.2.2	0.1.1.1.1.1.1.1.1.0.0.1.0.1.0.0.1.0.1.1.1.0.0.1.0.0.1.0.1.1	b16:7F94B92C	b32:FUABIB	11		
n206	1.2.2.2.2.2.2.2.2.3.2.3.2.2.2.3.1.2.1.2.2.1	0.1.1.1.1.1.1.1.1.0.0.1.0.1.0.0.1.0.1.1.1.0.0.1.0.0.1.0.1.1.0	b16:7F94B92C	b32:FUABIB0	69		
PX619835.1	1.2.2.2.2.2.2.2.2.3.2.3.2.2.2.3.1.2.1.2.2.1.1	0.1.1.1.1.1.1.1.1.0.0.1.0.1.0.0.1.0.1.1.1.0.0.1.0.0.1.0.1.1.0.0	b16:7F94B92C	b32:FUABIB0	0		#f58231
PX619838.1	1.2.2.2.2.2.2.2.2.3.2.3.2.2.2.3.1.2.1.2.2.1.2	0.1.1.1.1.1.1.1.1.0.0.1.0.1.0.0.1.0.1.1.1.0.0.1.0.0.1.0.1.1.0.1	b16:7F94B92D	b32:FUABIB8	0		#f58231
PX619836.1	1.2.2.2.2.2.2.2.2.3.2.3.2.2.2.3.1.2.1.2.2.1.3	0.1.1.1.1.1.1.1.1.0.0.1.0.1.0.0.1.0.1.1.1.0.0.1.0.0.1.0.1.1.0.0.0.1.0	b16:7F94B92C4	b32:FUABIB2	0		#f58231
PX619830.1	1.2.2.2.2.2.2.2.2.3.2.3.2.2.2.3.1.2.1.2.2.1.4	0.1.1.1.1.1.1.1.1.0.0.1.0.1.0.0.1.0.1.1.1.0.0.1.0.0.1.0.1.1.0.0.0.1.1	b16:7F94B92C6	b32:FUABIB3	0		#f58231
PX619832.1	1.2.2.2.2.2.2.2.2.3.2.3.2.2.2.3.1.2.1.2.2.1.5	0.1.1.1.1.1.1.1.1.0.0.1.0.1.0.0.1.0.1.1.1.0.0.1.0.0.1.0.1.1.0.0.1.0.0	b16:7F94B92C8	b32:FUABIB4	0		#f58231
PX619837.1	1.2.2.2.2.2.2.2.2.3.2.3.2.2.2.3.1.2.1.2.2.1.6	0.1.1.1.1.1.1.1.1.0.0.1.0.1.0.0.1.0.1.1.1.0.0.1.0.0.1.0.1.1.0.0.1.0.1	b16:7F94B92CA	b32:FUABIB5	0		#f58231
n213	1.2.2.2.2.2.2.2.2.3.2.3.2.2.2.3.1.2.1.2.2.2	0.1.1.1.1.1.1.1.1.0.0.1.0.1.0.0.1.0.1.1.1.0.0.1.0.0.1.0.1.1.1	b16:7F94B92E	b32:FUABIBG	8		
n214	1.2.2.2.2.2.2.2.2.3.2.3.2.2.2.3.1.2.1.2.2.2.1	0.1.1.1.1.1.1.1.1.0.0.1.0.1.0.0.1.0.1.1.1.0.0.1.0.0.1.0.1.1.1.0	b16:7F94B92E	b32:FUABIBG	52		
2023.TE.4097.2.2	1.2.2.2.2.2.2.2.2.3.2.3.2.2.2.3.1.2.1.2.2.2.1.1	0.1.1.1.1.1.1.1.1.0.0.1.0.1.0.0.1.0.1.1.1.0.0.1.0.0.1.0.1.1.1.0.0	b16:7F94B92E0	b32:FUABIBG	3		#f58231
n216	1.2.2.2.2.2.2.2.2.3.2.3.2.2.2.3.1.2.1.2.2.2.1.2	0.1.1.1.1.1.1.1.1.0.0.1.0.1.0.0.1.0.1.1.1.0.0.1.0.0.1.0.1.1.1.0.1	b16:7F94B92E8	b32:FUABIBK	5		
2023.TE.2016.2.2	1.2.2.2.2.2.2.2.2.3.2.3.2.2.2.3.1.2.1.2.2.2.1.2.1	0.1.1.1.1.1.1.1.1.0.0.1.0.1.0.0.1.0.1.1.1.0.0.1.0.0.1.0.1.1.1.0.1.0	b16:7F94B92E8	b32:FUABIBK	0		#f58231
2023.TE.4097.2.3	1.2.2.2.2.2.2.2.2.3.2.3.2.2.2.3.1.2.1.2.2.2.1.2.2	0.1.1.1.1.1.1.1.1.0.0.1.0.1.0.0.1.0.1.1.1.0.0.1.0.0.1.0.1.1.1.0.1.1	b16:7F94B92EC	b32:FUABIBM	3		#f58231
n219	1.2.2.2.2.2.2.2.2.3.2.3.2.2.2.3.1.2.1.2.2.2.2	0.1.1.1.1.1.1.1.1.0.0.1.0.1.0.0.1.0.1.1.1.0.0.1.0.0.1.0.1.1.1.1	b16:7F94B92F	b32:FUABIBO	48		
n220	1.2.2.2.2.2.2.2.2.3.2.3.2.2.2.3.1.2.1.2.2.2.2.1	0.1.1.1.1.1.1.1.1.0.0.1.0.1.0.0.1.0.1.1.1.0.0.1.0.0.1.0.1.1.1.1.0	b16:7F94B92F0	b32:FUABIBO	1		
MW627239.1	1.2.2.2.2.2.2.2.2.3.2.3.2.2.2.3.1.2.1.2.2.2.2.1.1	0.1.1.1.1.1.1.1.1.0.0.1.0.1.0.0.1.0.1.1.1.0.0.1.0.0.1.0.1.1.1.1.0.0	b16:7F94B92F0	b32:FUABIBO	0		#f58231
PX619839.1	1.2.2.2.2.2.2.2.2.3.2.3.2.2.2.3.1.2.1.2.2.2.2.1.2	0.1.1.1.1.1.1.1.1.0.0.1.0.1.0.0.1.0.1.1.1.0.0.1.0.0.1.0.1.1.1.1.0.1	b16:7F94B92F4	b32:FUABIBQ	0		#f58231
n223	1.2.2.2.2.2.2.2.2.3.2.3.2.2.2.3.1.2.1.2.2.2.2.2	0.1.1.1.1.1.1.1.1.0.0.1.0.1.0.0.1.0.1.1.1.0.0.1.0.0.1.0.1.1.1.1.1	b16:7F94B92F8	b32:FUABIBS	2		
OQ552605.1	1.2.2.2.2.2.2.2.2.3.2.3.2.2.2.3.1.2.1.2.2.2.2.2.1	0.1.1.1.1.1.1.1.1.0.0.1.0.1.0.0.1.0.1.1.1.0.0.1.0.0.1.0.1.1.1.1.1.0	b16:7F94B92F8	b32:FUABIBS	1		#f58231
n225	1.2.2.2.2.2.2.2.2.3.2.3.2.2.2.3.1.2.1.2.2.2.2.2.2	0.1.1.1.1.1.1.1.1.0.0.1.0.1.0.0.1.0.1.1.1.0.0.1.0.0.1.0.1.1.1.1.1.1	b16:7F94B92FC	b32:FUABIBU	14		
2022.TE.48124.2.1	1.2.2.2.2.2.2.2.2.3.2.3.2.2.2.3.1.2.1.2.2.2.2.2.2.1	0.1.1.1.1.1.1.1.1.0.0.1.0.1.0.0.1.0.1.1.1.0.0.1.0.0.1.0.1.1.1.1.1.1.0	b16:7F94B92FC	b32:FUABIBU	40		#f58231
2022.TE.49680.2.3	1.2.2.2.2.2.2.2.2.3.2.3.2.2.2.3.1.2.1.2.2.2.2.2.2.2	0.1.1.1.1.1.1.1.1.0.0.1.0.1.0.0.1.0.1.1.1.0.0.1.0.0.1.0.1.1.1.1.1.1.1	b16:7F94B92FE	b32:FUABIBV	4		#f58231
n228	1.2.2.2.2.2.2.2.2.3.2.3.2.2.2.3.1.2.2	0.1.1.1.1.1.1.1.1.0.0.1.0.1.0.0.1.0.1.1.1.0.0.1.0.0.1.1	b16:7F94B93	b32:FUABIC	17		
2025.EXT.1106.1850.2210	1.2.2.2.2.2.2.2.2.3.2.3.2.2.2.3.1.2.2.1	0.1.1.1.1.1.1.1.1.0.0.1.0.1.0.0.1.0.1.1.1.0.0.1.0.0.1.1.0	b16:7F94B930	b32:FUABIC	90		
n230	1.2.2.2.2.2.2.2.2.3.2.3.2.2.2.3.1.2.2.2	0.1.1.1.1.1.1.1.1.0.0.1.0.1.0.0.1.0.1.1.1.0.0.1.0.0.1.1.1	b16:7F94B938	b32:FUABIE	5		
n231	1.2.2.2.2.2.2.2.2.3.2.3.2.2.2.3.1.2.2.2.1	0.1.1.1.1.1.1.1.1.0.0.1.0.1.0.0.1.0.1.1.1.0.0.1.0.0.1.1.1.0	b16:7F94B938	b32:FUABIE	38	#911eb4	
JF719065.1	1.2.2.2.2.2.2.2.2.3.2.3.2.2.2.3.1.2.2.2.1.1	0.1.1.1.1.1.1.1.1.0.0.1.0.1.0.0.1.0.1.1.1.0.0.1.0.0.1.1.1.0.0	b16:7F94B938	b32:FUABIE0	0		#911eb4
JF719067.1	1.2.2.2.2.2.2.2.2.3.2.3.2.2.2.3.1.2.2.2.1.2	0.1.1.1.1.1.1.1.1.0.0.1.0.1.0.0.1.0.1.1.1.0.0.1.0.0.1.1.1.0.1	b16:7F94B93A	b32:FUABIEG	4		#911eb4
n234	1.2.2.2.2.2.2.2.2.3.2.3.2.2.2.3.1.2.2.2.1.3	0.1.1.1.1.1.1.1.1.0.0.1.0.1.0.0.1.0.1.1.1.0.0.1.0.0.1.1.1.0.0.0.1.0	b16:7F94B9388	b32:FUABIE4	4		
JF719066.1	1.2.2.2.2.2.2.2.2.3.2.3.2.2.2.3.1.2.2.2.1.3.1	0.1.1.1.1.1.1.1.1.0.0.1.0.1.0.0.1.0.1.1.1.0.0.1.0.0.1.1.1.0.0.0.1.0.0	b16:7F94B9388	b32:FUABIE4	0		#911eb4
MW835351.1	1.2.2.2.2.2.2.2.2.3.2.3.2.2.2.3.1.2.2.2.1.3.2	0.1.1.1.1.1.1.1.1.0.0.1.0.1.0.0.1.0.1.1.1.0.0.1.0.0.1.1.1.0.0.0.1.0.1	b16:7F94B938A	b32:FUABIE5	0		#911eb4
n237	1.2.2.2.2.2.2.2.2.3.2.3.2.2.2.3.1.2.2.2.1.4	0.1.1.1.1.1.1.1.1.0.0.1.0.1.0.0.1.0.1.1.1.0.0.1.0.0.1.1.1.0.0.0.1.1	b16:7F94B938C	b32:FUABIE6	1		
MW835354.1	1.2.2.2.2.2.2.2.2.3.2.3.2.2.2.3.1.2.2.2.1.4.1	0.1.1.1.1.1.1.1.1.0.0.1.0.1.0.0.1.0.1.1.1.0.0.1.0.0.1.1.1.0.0.0.1.1.0	b16:7F94B938C	b32:FUABIE6	0		#911eb4
n239	1.2.2.2.2.2.2.2.2.3.2.3.2.2.2.3.1.2.2.2.1.4.2	0.1.1.1.1.1.1.1.1.0.0.1.0.1.0.0.1.0.1.1.1.0.0.1.0.0.1.1.1.0.0.0.1.1.1	b16:7F94B938E	b32:FUABIE7	1		
FJ483548.1	1.2.2.2.2.2.2.2.2.3.2.3.2.2.2.3.1.2.2.2.1.4.2.1	0.1.1.1.1.1.1.1.1.0.0.1.0.1.0.0.1.0.1.1.1.0.0.1.0.0.1.1.1.0.0.0.1.1.1.0	b16:7F94B938E	b32:FUABIE70	3		#911eb4
MW835353.1	1.2.2.2.2.2.2.2.2.3.2.3.2.2.2.3.1.2.2.2.1.4.2.2	0.1.1.1.1.1.1.1.1.0.0.1.0.1.0.0.1.0.1.1.1.0.0.1.0.0.1.1.1.0.0.0.1.1.1.1	b16:7F94B938F	b32:FUABIE7G	0		#911eb4
n242	1.2.2.2.2.2.2.2.2.3.2.3.2.2.2.3.1.2.2.2.1.4.3	0.1.1.1.1.1.1.1.1.0.0.1.0.1.0.0.1.0.1.1.1.0.0.1.0.0.1.1.1.0.0.0.1.1.0.0.1.0	b16:7F94B938C8	b32:FUABIE68	6		
KF234080.1	1.2.2.2.2.2.2.2.2.3.2.3.2.2.2.3.1.2.2.2.1.4.3.1	0.1.1.1.1.1.1.1.1.0.0.1.0.1.0.0.1.0.1.1.1.0.0.1.0.0.1.1.1.0.0.0.1.1.0.0.1.0.0	b16:7F94B938C8	b32:FUABIE68	11		#911eb4
n244	1.2.2.2.2.2.2.2.2.3.2.3.2.2.2.3.1.2.2.2.1.4.3.2	0.1.1.1.1.1.1.1.1.0.0.1.0.1.0.0.1.0.1.1.1.0.0.1.0.0.1.1.1.0.0.0.1.1.0.0.1.0.1	b16:7F94B938CA	b32:FUABIE6A	2		
GU011992.2	1.2.2.2.2.2.2.2.2.3.2.3.2.2.2.3.1.2.2.2.1.4.3.2.1	0.1.1.1.1.1.1.1.1.0.0.1.0.1.0.0.1.0.1.1.1.0.0.1.0.0.1.1.1.0.0.0.1.1.0.0.1.0.1.0	b16:7F94B938CA	b32:FUABIE6A	1		#911eb4
JF719068.1	1.2.2.2.2.2.2.2.2.3.2.3.2.2.2.3.1.2.2.2.1.4.3.2.2	0.1.1.1.1.1.1.1.1.0.0.1.0.1.0.0.1.0.1.1.1.0.0.1.0.0.1.1.1.0.0.0.1.1.0.0.1.0.1.1	b16:7F94B938CB	b32:FUABIE6B	3		#911eb4
n247	1.2.2.2.2.2.2.2.2.3.2.3.2.2.2.3.1.2.2.2.1.4.4	0.1.1.1.1.1.1.1.1.0.0.1.0.1.0.0.1.0.1.1.1.0.0.1.0.0.1.1.1.0.0.0.1.1.0.0.1.1	b16:7F94B938CC	b32:FUABIE6C	6		
KU573078.1	1.2.2.2.2.2.2.2.2.3.2.3.2.2.2.3.1.2.2.2.1.4.4.1	0.1.1.1.1.1.1.1.1.0.0.1.0.1.0.0.1.0.1.1.1.0.0.1.0.0.1.1.1.0.0.0.1.1.0.0.1.1.0	b16:7F94B938CC	b32:FUABIE6C	8		#911eb4
n249	1.2.2.2.2.2.2.2.2.3.2.3.2.2.2.3.1.2.2.2.1.4.4.2	0.1.1.1.1.1.1.1.1.0.0.1.0.1.0.0.1.0.1.1.1.0.0.1.0.0.1.1.1.0.0.0.1.1.0.0.1.1.1	b16:7F94B938CE	b32:FUABIE6E	1		
KU573079.1	1.2.2.2.2.2.2.2.2.3.2.3.2.2.2.3.1.2.2.2.1.4.4.2.1	0.1.1.1.1.1.1.1.1.0.0.1.0.1.0.0.1.0.1.1.1.0.0.1.0.0.1.1.1.0.0.0.1.1.0.0.1.1.1.0	b16:7F94B938CE	b32:FUABIE6E	5		#911eb4
MW835355.1	1.2.2.2.2.2.2.2.2.3.2.3.2.2.2.3.1.2.2.2.1.4.4.2.2	0.1.1.1.1.1.1.1.1.0.0.1.0.1.0.0.1.0.1.1.1.0.0.1.0.0.1.1.1.0.0.0.1.1.0.0.1.1.1.1	b16:7F94B938CF	b32:FUABIE6F	6		#911eb4
n252	1.2.2.2.2.2.2.2.2.3.2.3.2.2.2.3.1.2.2.2.1.4.5	0.1.1.1.1.1.1.1.1.0.0.1.0.1.0.0.1.0.1.1.1.0.0.1.0.0.1.1.1.0.0.0.1.1.0.1.0.0	b16:7F94B938D0	b32:FUABIE6G	6		
FJ483549.1	1.2.2.2.2.2.2.2.2.3.2.3.2.2.2.3.1.2.2.2.1.4.5.1	0.1.1.1.1.1.1.1.1.0.0.1.0.1.0.0.1.0.1.1.1.0.0.1.0.0.1.1.1.0.0.0.1.1.0.1.0.0.0	b16:7F94B938D0	b32:FUABIE6G	0		#911eb4
KU573077.1	1.2.2.2.2.2.2.2.2.3.2.3.2.2.2.3.1.2.2.2.1.4.5.2	0.1.1.1.1.1.1.1.1.0.0.1.0.1.0.0.1.0.1.1.1.0.0.1.0.0.1.1.1.0.0.0.1.1.0.1.0.0.1	b16:7F94B938D2	b32:FUABIE6I	1		#911eb4
MW835352.1	1.2.2.2.2.2.2.2.2.3.2.3.2.2.2.3.1.2.2.2.1.4.5.3	0.1.1.1.1.1.1.1.1.0.0.1.0.1.0.0.1.0.1.1.1.0.0.1.0.0.1.1.1.0.0.0.1.1.0.1.0.0.0.0.1.0	b16:7F94B938D08	b32:FUABIE6GG	1		#911eb4
n256	1.2.2.2.2.2.2.2.2.3.2.3.2.2.2.3.1.2.2.2.2	0.1.1.1.1.1.1.1.1.0.0.1.0.1.0.0.1.0.1.1.1.0.0.1.0.0.1.1.1.1	b16:7F94B93C	b32:FUABIF	28		
n257	1.2.2.2.2.2.2.2.2.3.2.3.2.2.2.3.1.2.2.2.2.1	0.1.1.1.1.1.1.1.1.0.0.1.0.1.0.0.1.0.1.1.1.0.0.1.0.0.1.1.1.1.0	b16:7F94B93C	b32:FUABIF0	43	#42d4f4	
MW835358.1	1.2.2.2.2.2.2.2.2.3.2.3.2.2.2.3.1.2.2.2.2.1.1	0.1.1.1.1.1.1.1.1.0.0.1.0.1.0.0.1.0.1.1.1.0.0.1.0.0.1.1.1.1.0.0	b16:7F94B93C	b32:FUABIF0	1		#42d4f4
n259	1.2.2.2.2.2.2.2.2.3.2.3.2.2.2.3.1.2.2.2.2.1.2	0.1.1.1.1.1.1.1.1.0.0.1.0.1.0.0.1.0.1.1.1.0.0.1.0.0.1.1.1.1.0.1	b16:7F94B93D	b32:FUABIF8	2		
MW835356.1	1.2.2.2.2.2.2.2.2.3.2.3.2.2.2.3.1.2.2.2.2.1.2.1	0.1.1.1.1.1.1.1.1.0.0.1.0.1.0.0.1.0.1.1.1.0.0.1.0.0.1.1.1.1.0.1.0	b16:7F94B93D0	b32:FUABIF8	0		#42d4f4
MW835357.1	1.2.2.2.2.2.2.2.2.3.2.3.2.2.2.3.1.2.2.2.2.1.2.2	0.1.1.1.1.1.1.1.1.0.0.1.0.1.0.0.1.0.1.1.1.0.0.1.0.0.1.1.1.1.0.1.1	b16:7F94B93D8	b32:FUABIFC	0		#42d4f4
n262	1.2.2.2.2.2.2.2.2.3.2.3.2.2.2.3.1.2.2.2.2.1.2.3	0.1.1.1.1.1.1.1.1.0.0.1.0.1.0.0.1.0.1.1.1.0.0.1.0.0.1.1.1.1.0.1.0.0.1.0	b16:7F94B93D2	b32:FUABIF90	1		
MW835362.1	1.2.2.2.2.2.2.2.2.3.2.3.2.2.2.3.1.2.2.2.2.1.2.3.1	0.1.1.1.1.1.1.1.1.0.0.1.0.1.0.0.1.0.1.1.1.0.0.1.0.0.1.1.1.1.0.1.0.0.1.0.0	b16:7F94B93D20	b32:FUABIF90	2		#42d4f4
n264	1.2.2.2.2.2.2.2.2.3.2.3.2.2.2.3.1.2.2.2.2.1.2.3.2	0.1.1.1.1.1.1.1.1.0.0.1.0.1.0.0.1.0.1.1.1.0.0.1.0.0.1.1.1.1.0.1.0.0.1.0.1	b16:7F94B93D28	b32:FUABIF98	2		
MW835359.1	1.2.2.2.2.2.2.2.2.3.2.3.2.2.2.3.1.2.2.2.2.1.2.3.2.1	0.1.1.1.1.1.1.1.1.0.0.1.0.1.0.0.1.0.1.1.1.0.0.1.0.0.1.1.1.1.0.1.0.0.1.0.1.0	b16:7F94B93D28	b32:FUABIF98	0		#42d4f4
n266	1.2.2.2.2.2.2.2.2.3.2.3.2.2.2.3.1.2.2.2.2.1.2.3.2.2	0.1.1.1.1.1.1.1.1.0.0.1.0.1.0.0.1.0.1.1.1.0.0.1.0.0.1.1.1.1.0.1.0.0.1.0.1.1	b16:7F94B93D2C	b32:FUABIF9C	3		
MW835361.1	1.2.2.2.2.2.2.2.2.3.2.3.2.2.2.3.1.2.2.2.2.1.2.3.2.2.1	0.1.1.1.1.1.1.1.1.0.0.1.0.1.0.0.1.0.1.1.1.0.0.1.0.0.1.1.1.1.0.1.0.0.1.0.1.1.0	b16:7F94B93D2C	b32:FUABIF9C	0		#42d4f4
MW835360.1	1.2.2.2.2.2.2.2.2.3.2.3.2.2.2.3.1.2.2.2.2.1.2.3.2.2.2	0.1.1.1.1.1.1.1.1.0.0.1.0.1.0.0.1.0.1.1.1.0.0.1.0.0.1.1.1.1.0.1.0.0.1.0.1.1.1	b16:7F94B93D2E	b32:FUABIF9E	0		#42d4f4
MW835363.1	1.2.2.2.2.2.2.2.2.3.2.3.2.2.2.3.1.2.2.2.2.1.2.3.2.2.3	0.1.1.1.1.1.1.1.1.0.0.1.0.1.0.0.1.0.1.1.1.0.0.1.0.0.1.1.1.1.0.1.0.0.1.0.1.1.0.0.1.0	b16:7F94B93D2C8	b32:FUABIF9CG	0		#42d4f4
n270	1.2.2.2.2.2.2.2.2.3.2.3.2.2.2.3.1.2.2.2.2.2	0.1.1.1.1.1.1.1.1.0.0.1.0.1.0.0.1.0.1.1.1.0.0.1.0.0.1.1.1.1.1	b16:7F94B93E	b32:FUABIFG	38	#f032e6	
n271	1.2.2.2.2.2.2.2.2.3.2.3.2.2.2.3.1.2.2.2.2.2.1	0.1.1.1.1.1.1.1.1.0.0.1.0.1.0.0.1.0.1.1.1.0.0.1.0.0.1.1.1.1.1.0	b16:7F94B93E	b32:FUABIFG	5		
OM302319.1	1.2.2.2.2.2.2.2.2.3.2.3.2.2.2.3.1.2.2.2.2.2.1.1	0.1.1.1.1.1.1.1.1.0.0.1.0.1.0.0.1.0.1.1.1.0.0.1.0.0.1.1.1.1.1.0.0	b16:7F94B93E0	b32:FUABIFG	11		#f032e6
n273	1.2.2.2.2.2.2.2.2.3.2.3.2.2.2.3.1.2.2.2.2.2.1.2	0.1.1.1.1.1.1.1.1.0.0.1.0.1.0.0.1.0.1.1.1.0.0.1.0.0.1.1.1.1.1.0.1	b16:7F94B93E8	b32:FUABIFK	3		
OM302324.1	1.2.2.2.2.2.2.2.2.3.2.3.2.2.2.3.1.2.2.2.2.2.1.2.1	0.1.1.1.1.1.1.1.1.0.0.1.0.1.0.0.1.0.1.1.1.0.0.1.0.0.1.1.1.1.1.0.1.0	b16:7F94B93E8	b32:FUABIFK	8		#f032e6
n275	1.2.2.2.2.2.2.2.2.3.2.3.2.2.2.3.1.2.2.2.2.2.1.2.2	0.1.1.1.1.1.1.1.1.0.0.1.0.1.0.0.1.0.1.1.1.0.0.1.0.0.1.1.1.1.1.0.1.1	b16:7F94B93EC	b32:FUABIFM	13		
OM302320.1	1.2.2.2.2.2.2.2.2.3.2.3.2.2.2.3.1.2.2.2.2.2.1.2.2.1	0.1.1.1.1.1.1.1.1.0.0.1.0.1.0.0.1.0.1.1.1.0.0.1.0.0.1.1.1.1.1.0.1.1.0	b16:7F94B93EC	b32:FUABIFM	0		#f032e6
OM302321.1	1.2.2.2.2.2.2.2.2.3.2.3.2.2.2.3.1.2.2.2.2.2.1.2.2.2	0.1.1.1.1.1.1.1.1.0.0.1.0.1.0.0.1.0.1.1.1.0.0.1.0.0.1.1.1.1.1.0.1.1.1	b16:7F94B93EE	b32:FUABIFN	0		#f032e6
n278	1.2.2.2.2.2.2.2.2.3.2.3.2.2.2.3.1.2.2.2.2.2.2	0.1.1.1.1.1.1.1.1.0.0.1.0.1.0.0.1.0.1.1.1.0.0.1.0.0.1.1.1.1.1.1	b16:7F94B93F	b32:FUABIFO	16		
n279	1.2.2.2.2.2.2.2.2.3.2.3.2.2.2.3.1.2.2.2.2.2.2.1	0.1.1.1.1.1.1.1.1.0.0.1.0.1.0.0.1.0.1.1.1.0.0.1.0.0.1.1.1.1.1.1.0	b16:7F94B93F0	b32:FUABIFO	5		
OM302316.1	1.2.2.2.2.2.2.2.2.3.2.3.2.2.2.3.1.2.2.2.2.2.2.1.1	0.1.1.1.1.1.1.1.1.0.0.1.0.1.0.0.1.0.1.1.1.0.0.1.0.0.1.1.1.1.1.1.0.0	b16:7F94B93F0	b32:FUABIFO	0		#f032e6
OM302314.1	1.2.2.2.2.2.2.2.2.3.2.3.2.2.2.3.1.2.2.2.2.2.2.1.2	0.1.1.1.1.1.1.1.1.0.0.1.0.1.0.0.1.0.1.1.1.0.0.1.0.0.1.1.1.1.1.1.0.1	b16:7F94B93F4	b32:FUABIFQ	0		#f032e6
OM302315.1	1.2.2.2.2.2.2.2.2.3.2.3.2.2.2.3.1.2.2.2.2.2.2.1.3	0.1.1.1.1.1.1.1.1.0.0.1.0.1.0.0.1.0.1.1.1.0.0.1.0.0.1.1.1.1.1.1.0.0.0.1.0	b16:7F94B93F10	b32:FUABIFOG	0		#f032e6
n283	1.2.2.2.2.2.2.2.2.3.2.3.2.2.2.3.1.2.2.2.2.2.2.2	0.1.1.1.1.1.1.1.1.0.0.1.0.1.0.0.1.0.1.1.1.0.0.1.0.0.1.1.1.1.1.1.1	b16:7F94B93F8	b32:FUABIFS	4		
OM302313.1	1.2.2.2.2.2.2.2.2.3.2.3.2.2.2.3.1.2.2.2.2.2.2.2.1	0.1.1.1.1.1.1.1.1.0.0.1.0.1.0.0.1.0.1.1.1.0.0.1.0.0.1.1.1.1.1.1.1.0	b16:7F94B93F8	b32:FUABIFS	17		#f032e6
n285	1.2.2.2.2.2.2.2.2.3.2.3.2.2.2.3.1.2.2.2.2.2.2.2.2	0.1.1.1.1.1.1.1.1.0.0.1.0.1.0.0.1.0.1.1.1.0.0.1.0.0.1.1.1.1.1.1.1.1	b16:7F94B93FC	b32:FUABIFU	7		
n286	1.2.2.2.2.2.2.2.2.3.2.3.2.2.2.3.1.2.2.2.2.2.2.2.2.1	0.1.1.1.1.1.1.1.1.0.0.1.0.1.0.0.1.0.1.1.1.0.0.1.0.0.1.1.1.1.1.1.1.1.0	b16:7F94B93FC	b32:FUABIFU	3		
OZ293772.1	1.2.2.2.2.2.2.2.2.3.2.3.2.2.2.3.1.2.2.2.2.2.2.2.2.1.1	0.1.1.1.1.1.1.1.1.0.0.1.0.1.0.0.1.0.1.1.1.0.0.1.0.0.1.1.1.1.1.1.1.1.0.0	b16:7F94B93FC	b32:FUABIFU0	29		#f032e6
n288	1.2.2.2.2.2.2.2.2.3.2.3.2.2.2.3.1.2.2.2.2.2.2.2.2.1.2	0.1.1.1.1.1.1.1.1.0.0.1.0.1.0.0.1.0.1.1.1.0.0.1.0.0.1.1.1.1.1.1.1.1.0.1	b16:7F94B93FD	b32:FUABIFUG	2		
OZ294805.1	1.2.2.2.2.2.2.2.2.3.2.3.2.2.2.3.1.2.2.2.2.2.2.2.2.1.2.1	0.1.1.1.1.1.1.1.1.0.0.1.0.1.0.0.1.0.1.1.1.0.0.1.0.0.1.1.1.1.1.1.1.1.0.1.0	b16:7F94B93FD0	b32:FUABIFUG	5		#f032e6
OP713602.1	1.2.2.2.2.2.2.2.2.3.2.3.2.2.2.3.1.2.2.2.2.2.2.2.2.1.2.2	0.1.1.1.1.1.1.1.1.0.0.1.0.1.0.0.1.0.1.1.1.0.0.1.0.0.1.1.1.1.1.1.1.1.0.1.1	b16:7F94B93FD8	b32:FUABIFUO	2		#f032e6
OP713601.1	1.2.2.2.2.2.2.2.2.3.2.3.2.2.2.3.1.2.2.2.2.2.2.2.2.1.2.3	0.1.1.1.1.1.1.1.1.0.0.1.0.1.0.0.1.0.1.1.1.0.0.1.0.0.1.1.1.1.1.1.1.1.0.1.0.0.1.0	b16:7F94B93FD2	b32:FUABIFUI	2		#f032e6
OP643863.1	1.2.2.2.2.2.2.2.2.3.2.3.2.2.2.3.1.2.2.2.2.2.2.2.2.1.2.4	0.1.1.1.1.1.1.1.1.0.0.1.0.1.0.0.1.0.1.1.1.0.0.1.0.0.1.1.1.1.1.1.1.1.0.1.0.0.1.1	b16:7F94B93FD3	b32:FUABIFUJ	2		#f032e6
n293	1.2.2.2.2.2.2.2.2.3.2.3.2.2.2.3.1.2.2.2.2.2.2.2.2.2	0.1.1.1.1.1.1.1.1.0.0.1.0.1.0.0.1.0.1.1.1.0.0.1.0.0.1.1.1.1.1.1.1.1.1	b16:7F94B93FE	b32:FUABIFV	1		
n294	1.2.2.2.2.2.2.2.2.3.2.3.2.2.2.3.1.2.2.2.2.2.2.2.2.2.1	0.1.1.1.1.1.1.1.1.0.0.1.0.1.0.0.1.0.1.1.1.0.0.1.0.0.1.1.1.1.1.1.1.1.1.0	b16:7F94B93FE	b32:FUABIFV0	1		
OM302317.1	1.2.2.2.2.2.2.2.2.3.2.3.2.2.2.3.1.2.2.2.2.2.2.2.2.2.1.1	0.1.1.1.1.1.1.1.1.0.0.1.0.1.0.0.1.0.1.1.1.0.0.1.0.0.1.1.1.1.1.1.1.1.1.0.0	b16:7F94B93FE0	b32:FUABIFV0	0		#f032e6
OM302318.1	1.2.2.2.2.2.2.2.2.3.2.3.2.2.2.3.1.2.2.2.2.2.2.2.2.2.1.2	0.1.1.1.1.1.1.1.1.0.0.1.0.1.0.0.1.0.1.1.1.0.0.1.0.0.1.1.1.1.1.1.1.1.1.0.1	b16:7F94B93FE8	b32:FUABIFV8	2		#f032e6
n297	1.2.2.2.2.2.2.2.2.3.2.3.2.2.2.3.1.2.2.2.2.2.2.2.2.2.2	0.1.1.1.1.1.1.1.1.0.0.1.0.1.0.0.1.0.1.1.1.0.0.1.0.0.1.1.1.1.1.1.1.1.1.1	b16:7F94B93FF	b32:FUABIFVG	12		
OZ293646.1	1.2.2.2.2.2.2.2.2.3.2.3.2.2.2.3.1.2.2.2.2.2.2.2.2.2.2.1	0.1.1.1.1.1.1.1.1.0.0.1.0.1.0.0.1.0.1.1.1.0.0.1.0.0.1.1.1.1.1.1.1.1.1.1.0	b16:7F94B93FF0	b32:FUABIFVG	4		#f032e6
OP643864.1	1.2.2.2.2.2.2.2.2.3.2.3.2.2.2.3.1.2.2.2.2.2.2.2.2.2.2.2	0.1.1.1.1.1.1.1.1.0.0.1.0.1.0.0.1.0.1.1.1.0.0.1.0.0.1.1.1.1.1.1.1.1.1.1.1	b16:7F94B93FF8	b32:FUABIFVO	0		#f032e6
n300	1.2.2.2.2.2.2.2.2.3.2.3.2.2.2.3.1.2.2.2.2.2.2.2.2.2.2.3	0.1.1.1.1.1.1.1.1.0.0.1.0.1.0.0.1.0.1.1.1.0.0.1.0.0.1.1.1.1.1.1.1.1.1.1.0.0.1.0	b16:7F94B93FF2	b32:FUABIFVI	1		
OR472391.1	1.2.2.2.2.2.2.2.2.3.2.3.2.2.2.3.1.2.2.2.2.2.2.2.2.2.2.3.1	0.1.1.1.1.1.1.1.1.0.0.1.0.1.0.0.1.0.1.1.1.0.0.1.0.0.1.1.1.1.1.1.1.1.1.1.0.0.1.0.0	b16:7F94B93FF20	b32:FUABIFVI0	0		#f032e6
OZ294943.1	1.2.2.2.2.2.2.2.2.3.2.3.2.2.2.3.1.2.2.2.2.2.2.2.2.2.2.3.2	0.1.1.1.1.1.1.1.1.0.0.1.0.1.0.0.1.0.1.1.1.0.0.1.0.0.1.1.1.1.1.1.1.1.1.1.0.0.1.0.1	b16:7F94B93FF28	b32:FUABIFVIG	3		#f032e6
OQ357819.1	1.2.2.2.2.2.2.2.2.3.2.3.2.2.2.3.1.2.2.2.2.2.2.2.2.2.2.3.3	0.1.1.1.1.1.1.1.1.0.0.1.0.1.0.0.1.0.1.1.1.0.0.1.0.0.1.1.1.1.1.1.1.1.1.1.0.0.1.0.0.0.1.0	b16:7F94B93FF22	b32:FUABIFVI4	6		#f032e6
n304	1.2.2.2.2.2.2.2.2.3.2.3.2.2.2.3.2	0.1.1.1.1.1.1.1.1.0.0.1.0.1.0.0.1.0.1.1.1.0.0.1.0.1	b16:7F94B94	b32:FUABIG	29		
n305	1.2.2.2.2.2.2.2.2.3.2.3.2.2.2.3.2.1	0.1.1.1.1.1.1.1.1.0.0.1.0.1.0.0.1.0.1.1.1.0.0.1.0.1.0	b16:7F94B94	b32:FUABIG	65	#bfef45	
OM302322.1	1.2.2.2.2.2.2.2.2.3.2.3.2.2.2.3.2.1.1	0.1.1.1.1.1.1.1.1.0.0.1.0.1.0.0.1.0.1.1.1.0.0.1.0.1.0.0	b16:7F94B94	b32:FUABIG	0		#bfef45
OM302323.1	1.2.2.2.2.2.2.2.2.3.2.3.2.2.2.3.2.1.2	0.1.1.1.1.1.1.1.1.0.0.1.0.1.0.0.1.0.1.1.1.0.0.1.0.1.0.1	b16:7F94B95	b32:FUABIK	0		#bfef45
n308	1.2.2.2.2.2.2.2.2.3.2.3.2.2.2.3.2.2	0.1.1.1.1.1.1.1.1.0.0.1.0.1.0.0.1.0.1.1.1.0.0.1.0.1.1	b16:7F94B96	b32:FUABIO	4		
OP846979.1	1.2.2.2.2.2.2.2.2.3.2.3.2.2.2.3.2.2.1	0.1.1.1.1.1.1.1.1.0.0.1.0.1.0.0.1.0.1.1.1.0.0.1.0.1.1.0	b16:7F94B96	b32:FUABIO	44		
n310	1.2.2.2.2.2.2.2.2.3.2.3.2.2.2.3.2.2.2	0.1.1.1.1.1.1.1.1.0.0.1.0.1.0.0.1.0.1.1.1.0.0.1.0.1.1.1	b16:7F94B97	b32:FUABIS	3		
n311	1.2.2.2.2.2.2.2.2.3.2.3.2.2.2.3.2.2.2.1	0.1.1.1.1.1.1.1.1.0.0.1.0.1.0.0.1.0.1.1.1.0.0.1.0.1.1.1.0	b16:7F94B970	b32:FUABIS	10	#fabed4	
MT863559.1	1.2.2.2.2.2.2.2.2.3.2.3.2.2.2.3.2.2.2.1.1	0.1.1.1.1.1.1.1.1.0.0.1.0.1.0.0.1.0.1.1.1.0.0.1.0.1.1.1.0.0	b16:7F94B970	b32:FUABIS	45		#fabed4
n313	1.2.2.2.2.2.2.2.2.3.2.3.2.2.2.3.2.2.2.1.2	0.1.1.1.1.1.1.1.1.0.0.1.0.1.0.0.1.0.1.1.1.0.0.1.0.1.1.1.0.1	b16:7F94B974	b32:FUABIT	72		
ON813212.1	1.2.2.2.2.2.2.2.2.3.2.3.2.2.2.3.2.2.2.1.2.1	0.1.1.1.1.1.1.1.1.0.0.1.0.1.0.0.1.0.1.1.1.0.0.1.0.1.1.1.0.1.0	b16:7F94B974	b32:FUABIT0	2		#fabed4
ON813213.1	1.2.2.2.2.2.2.2.2.3.2.3.2.2.2.3.2.2.2.1.2.2	0.1.1.1.1.1.1.1.1.0.0.1.0.1.0.0.1.0.1.1.1.0.0.1.0.1.1.1.0.1.1	b16:7F94B976	b32:FUABITG	1		#fabed4
n316	1.2.2.2.2.2.2.2.2.3.2.3.2.2.2.3.2.2.2.2	0.1.1.1.1.1.1.1.1.0.0.1.0.1.0.0.1.0.1.1.1.0.0.1.0.1.1.1.1	b16:7F94B978	b32:FUABIU	24		
n317	1.2.2.2.2.2.2.2.2.3.2.3.2.2.2.3.2.2.2.2.1	0.1.1.1.1.1.1.1.1.0.0.1.0.1.0.0.1.0.1.1.1.0.0.1.0.1.1.1.1.0	b16:7F94B978	b32:FUABIU	19	#469990	
2025.EXT.1106.1850.2214	1.2.2.2.2.2.2.2.2.3.2.3.2.2.2.3.2.2.2.2.1.1	0.1.1.1.1.1.1.1.1.0.0.1.0.1.0.0.1.0.1.1.1.0.0.1.0.1.1.1.1.0.0	b16:7F94B978	b32:FUABIU0	86		#469990
n319	1.2.2.2.2.2.2.2.2.3.2.3.2.2.2.3.2.2.2.2.1.2	0.1.1.1.1.1.1.1.1.0.0.1.0.1.0.0.1.0.1.1.1.0.0.1.0.1.1.1.1.0.1	b16:7F94B97A	b32:FUABIUG	10		
2025.EXT.1106.1850.2213	1.2.2.2.2.2.2.2.2.3.2.3.2.2.2.3.2.2.2.2.1.2.1	0.1.1.1.1.1.1.1.1.0.0.1.0.1.0.0.1.0.1.1.1.0.0.1.0.1.1.1.1.0.1.0	b16:7F94B97A	b32:FUABIUG	68		#469990
n321	1.2.2.2.2.2.2.2.2.3.2.3.2.2.2.3.2.2.2.2.1.2.2	0.1.1.1.1.1.1.1.1.0.0.1.0.1.0.0.1.0.1.1.1.0.0.1.0.1.1.1.1.0.1.1	b16:7F94B97B	b32:FUABIUO	12		
2025.EXT.1106.1850.2216	1.2.2.2.2.2.2.2.2.3.2.3.2.2.2.3.2.2.2.2.1.2.2.1	0.1.1.1.1.1.1.1.1.0.0.1.0.1.0.0.1.0.1.1.1.0.0.1.0.1.1.1.1.0.1.1.0	b16:7F94B97B0	b32:FUABIUO	84		#469990
n323	1.2.2.2.2.2.2.2.2.3.2.3.2.2.2.3.2.2.2.2.1.2.2.2	0.1.1.1.1.1.1.1.1.0.0.1.0.1.0.0.1.0.1.1.1.0.0.1.0.1.1.1.1.0.1.1.1	b16:7F94B97B8	b32:FUABIUS	44		
2026.EXT.0225.1150.510	1.2.2.2.2.2.2.2.2.3.2.3.2.2.2.3.2.2.2.2.1.2.2.2.1	0.1.1.1.1.1.1.1.1.0.0.1.0.1.0.0.1.0.1.1.1.0.0.1.0.1.1.1.1.0.1.1.1.0	b16:7F94B97B8	b32:FUABIUS	19		#469990
n325	1.2.2.2.2.2.2.2.2.3.2.3.2.2.2.3.2.2.2.2.1.2.2.2.2	0.1.1.1.1.1.1.1.1.0.0.1.0.1.0.0.1.0.1.1.1.0.0.1.0.1.1.1.1.0.1.1.1.1	b16:7F94B97BC	b32:FUABIUU	2		
2025.EXT.1106.1850.2215	1.2.2.2.2.2.2.2.2.3.2.3.2.2.2.3.2.2.2.2.1.2.2.2.2.1	0.1.1.1.1.1.1.1.1.0.0.1.0.1.0.0.1.0.1.1.1.0.0.1.0.1.1.1.1.0.1.1.1.1.0	b16:7F94B97BC	b32:FUABIUU	4		#469990
n327	1.2.2.2.2.2.2.2.2.3.2.3.2.2.2.3.2.2.2.2.1.2.2.2.2.2	0.1.1.1.1.1.1.1.1.0.0.1.0.1.0.0.1.0.1.1.1.0.0.1.0.1.1.1.1.0.1.1.1.1.1	b16:7F94B97BE	b32:FUABIUV	2		
2025.EXT.1106.1850.2218	1.2.2.2.2.2.2.2.2.3.2.3.2.2.2.3.2.2.2.2.1.2.2.2.2.2.1	0.1.1.1.1.1.1.1.1.0.0.1.0.1.0.0.1.0.1.1.1.0.0.1.0.1.1.1.1.0.1.1.1.1.1.0	b16:7F94B97BE	b32:FUABIUV0	12		#469990
2025.EXT.1106.1850.2220	1.2.2.2.2.2.2.2.2.3.2.3.2.2.2.3.2.2.2.2.1.2.2.2.2.2.2	0.1.1.1.1.1.1.1.1.0.0.1.0.1.0.0.1.0.1.1.1.0.0.1.0.1.1.1.1.0.1.1.1.1.1.1	b16:7F94B97BF	b32:FUABIUVG	6		#469990
n330	1.2.2.2.2.2.2.2.2.3.2.3.2.2.2.3.2.2.2.2.1.2.2.2.2.2.3	0.1.1.1.1.1.1.1.1.0.0.1.0.1.0.0.1.0.1.1.1.0.0.1.0.1.1.1.1.0.1.1.1.1.1.0.0.1.0	b16:7F94B97BE4	b32:FUABIUV4	1		
2025.EXT.1106.1850.2219	1.2.2.2.2.2.2.2.2.3.2.3.2.2.2.3.2.2.2.2.1.2.2.2.2.2.3.1	0.1.1.1.1.1.1.1.1.0.0.1.0.1.0.0.1.0.1.1.1.0.0.1.0.1.1.1.1.0.1.1.1.1.1.0.0.1.0.0	b16:7F94B97BE4	b32:FUABIUV4	16		#469990
2026.EXT.0225.1148.210	1.2.2.2.2.2.2.2.2.3.2.3.2.2.2.3.2.2.2.2.1.2.2.2.2.2.3.2	0.1.1.1.1.1.1.1.1.0.0.1.0.1.0.0.1.0.1.1.1.0.0.1.0.1.1.1.1.0.1.1.1.1.1.0.0.1.0.1	b16:7F94B97BE5	b32:FUABIUV5	43		#469990
n333	1.2.2.2.2.2.2.2.2.3.2.3.2.2.2.3.2.2.2.2.2	0.1.1.1.1.1.1.1.1.0.0.1.0.1.0.0.1.0.1.1.1.0.0.1.0.1.1.1.1.1	b16:7F94B97C	b32:FUABIV	11	#a8d8a8	
n334	1.2.2.2.2.2.2.2.2.3.2.3.2.2.2.3.2.2.2.2.2.1	0.1.1.1.1.1.1.1.1.0.0.1.0.1.0.0.1.0.1.1.1.0.0.1.0.1.1.1.1.1.0	b16:7F94B97C	b32:FUABIV0	9		
2026.EXT.0225.1251.220	1.2.2.2.2.2.2.2.2.3.2.3.2.2.2.3.2.2.2.2.2.1.1	0.1.1.1.1.1.1.1.1.0.0.1.0.1.0.0.1.0.1.1.1.0.0.1.0.1.1.1.1.1.0.0	b16:7F94B97C	b32:FUABIV0	86		#a8d8a8
ON813211.1	1.2.2.2.2.2.2.2.2.3.2.3.2.2.2.3.2.2.2.2.2.1.2	0.1.1.1.1.1.1.1.1.0.0.1.0.1.0.0.1.0.1.1.1.0.0.1.0.1.1.1.1.1.0.1	b16:7F94B97D	b32:FUABIV8	28		#a8d8a8
n337	1.2.2.2.2.2.2.2.2.3.2.3.2.2.2.3.2.2.2.2.2.2	0.1.1.1.1.1.1.1.1.0.0.1.0.1.0.0.1.0.1.1.1.0.0.1.0.1.1.1.1.1.1	b16:7F94B97E	b32:FUABIVG	4		
2025.EXT.1106.1850.220	1.2.2.2.2.2.2.2.2.3.2.3.2.2.2.3.2.2.2.2.2.2.1	0.1.1.1.1.1.1.1.1.0.0.1.0.1.0.0.1.0.1.1.1.0.0.1.0.1.1.1.1.1.1.0	b16:7F94B97E	b32:FUABIVG	37		#a8d8a8
OP846981.1	1.2.2.2.2.2.2.2.2.3.2.3.2.2.2.3.2.2.2.2.2.2.2	0.1.1.1.1.1.1.1.1.0.0.1.0.1.0.0.1.0.1.1.1.0.0.1.0.1.1.1.1.1.1.1	b16:7F94B97F	b32:FUABIVO	34		#a8d8a8
n340	1.2.2.2.2.2.2.2.2.3.2.3.2.2.2.3.2.2.2.2.2.3	0.1.1.1.1.1.1.1.1.0.0.1.0.1.0.0.1.0.1.1.1.0.0.1.0.1.1.1.1.1.0.0.1.0	b16:7F94B97C8	b32:FUABIV4	4		
n341	1.2.2.2.2.2.2.2.2.3.2.3.2.2.2.3.2.2.2.2.2.3.1	0.1.1.1.1.1.1.1.1.0.0.1.0.1.0.0.1.0.1.1.1.0.0.1.0.1.1.1.1.1.0.0.1.0.0	b16:7F94B97C8	b32:FUABIV4	12		
2025.EXT.1106.1850.2217	1.2.2.2.2.2.2.2.2.3.2.3.2.2.2.3.2.2.2.2.2.3.1.1	0.1.1.1.1.1.1.1.1.0.0.1.0.1.0.0.1.0.1.1.1.0.0.1.0.1.1.1.1.1.0.0.1.0.0.0	b16:7F94B97C8	b32:FUABIV40	63		#a8d8a8
n343	1.2.2.2.2.2.2.2.2.3.2.3.2.2.2.3.2.2.2.2.2.3.1.2	0.1.1.1.1.1.1.1.1.0.0.1.0.1.0.0.1.0.1.1.1.0.0.1.0.1.1.1.1.1.0.0.1.0.0.1	b16:7F94B97C9	b32:FUABIV4G	31		
OQ357821.1	1.2.2.2.2.2.2.2.2.3.2.3.2.2.2.3.2.2.2.2.2.3.1.2.1	0.1.1.1.1.1.1.1.1.0.0.1.0.1.0.0.1.0.1.1.1.0.0.1.0.1.1.1.1.1.0.0.1.0.0.1.0	b16:7F94B97C90	b32:FUABIV4G	0		#a8d8a8
OQ357822.1	1.2.2.2.2.2.2.2.2.3.2.3.2.2.2.3.2.2.2.2.2.3.1.2.2	0.1.1.1.1.1.1.1.1.0.0.1.0.1.0.0.1.0.1.1.1.0.0.1.0.1.1.1.1.1.0.0.1.0.0.1.1	b16:7F94B97C98	b32:FUABIV4O	2		#a8d8a8
n346	1.2.2.2.2.2.2.2.2.3.2.3.2.2.2.3.2.2.2.2.2.3.2	0.1.1.1.1.1.1.1.1.0.0.1.0.1.0.0.1.0.1.1.1.0.0.1.0.1.1.1.1.1.0.0.1.0.1	b16:7F94B97CA	b32:FUABIV5	3		
2025.EXT.1201.1654.340	1.2.2.2.2.2.2.2.2.3.2.3.2.2.2.3.2.2.2.2.2.3.2.1	0.1.1.1.1.1.1.1.1.0.0.1.0.1.0.0.1.0.1.1.1.0.0.1.0.1.1.1.1.1.0.0.1.0.1.0	b16:7F94B97CA	b32:FUABIV50	50		#a8d8a8
n348	1.2.2.2.2.2.2.2.2.3.2.3.2.2.2.3.2.2.2.2.2.3.2.2	0.1.1.1.1.1.1.1.1.0.0.1.0.1.0.0.1.0.1.1.1.0.0.1.0.1.1.1.1.1.0.0.1.0.1.1	b16:7F94B97CB	b32:FUABIV5G	43		
OZ293770.1	1.2.2.2.2.2.2.2.2.3.2.3.2.2.2.3.2.2.2.2.2.3.2.2.1	0.1.1.1.1.1.1.1.1.0.0.1.0.1.0.0.1.0.1.1.1.0.0.1.0.1.1.1.1.1.0.0.1.0.1.1.0	b16:7F94B97CB0	b32:FUABIV5G	10		#a8d8a8
n350	1.2.2.2.2.2.2.2.2.3.2.3.2.2.2.3.2.2.2.2.2.3.2.2.2	0.1.1.1.1.1.1.1.1.0.0.1.0.1.0.0.1.0.1.1.1.0.0.1.0.1.1.1.1.1.0.0.1.0.1.1.1	b16:7F94B97CB8	b32:FUABIV5O	2		
OZ294988.1	1.2.2.2.2.2.2.2.2.3.2.3.2.2.2.3.2.2.2.2.2.3.2.2.2.1	0.1.1.1.1.1.1.1.1.0.0.1.0.1.0.0.1.0.1.1.1.0.0.1.0.1.1.1.1.1.0.0.1.0.1.1.1.0	b16:7F94B97CB8	b32:FUABIV5O	7		#a8d8a8
n352	1.2.2.2.2.2.2.2.2.3.2.3.2.2.2.3.2.2.2.2.2.3.2.2.2.2	0.1.1.1.1.1.1.1.1.0.0.1.0.1.0.0.1.0.1.1.1.0.0.1.0.1.1.1.1.1.0.0.1.0.1.1.1.1	b16:7F94B97CBC	b32:FUABIV5S	1		
OZ293774.1	1.2.2.2.2.2.2.2.2.3.2.3.2.2.2.3.2.2.2.2.2.3.2.2.2.2.1	0.1.1.1.1.1.1.1.1.0.0.1.0.1.0.0.1.0.1.1.1.0.0.1.0.1.1.1.1.1.0.0.1.0.1.1.1.1.0	b16:7F94B97CBC	b32:FUABIV5S	3		#a8d8a8
OZ294986.1	1.2.2.2.2.2.2.2.2.3.2.3.2.2.2.3.2.2.2.2.2.3.2.2.2.2.2	0.1.1.1.1.1.1.1.1.0.0.1.0.1.0.0.1.0.1.1.1.0.0.1.0.1.1.1.1.1.0.0.1.0.1.1.1.1.1	b16:7F94B97CBE	b32:FUABIV5U	2		#a8d8a8
OZ293776.1	1.2.2.2.2.2.2.2.2.3.2.3.2.2.2.3.2.2.2.2.2.3.2.2.2.2.3	0.1.1.1.1.1.1.1.1.0.0.1.0.1.0.0.1.0.1.1.1.0.0.1.0.1.1.1.1.1.0.0.1.0.1.1.1.1.0.0.1.0	b16:7F94B97CBC8	b32:FUABIV5SG	2		#a8d8a8
OZ294908.1	1.2.2.2.2.2.2.2.2.3.2.3.2.2.2.3.2.2.2.2.2.3.2.2.2.2.4	0.1.1.1.1.1.1.1.1.0.0.1.0.1.0.0.1.0.1.1.1.0.0.1.0.1.1.1.1.1.0.0.1.0.1.1.1.1.0.0.1.1	b16:7F94B97CBCC	b32:FUABIV5SO	5		#a8d8a8
OZ294985.1	1.2.2.2.2.2.2.2.2.3.2.3.2.2.2.3.2.2.2.2.2.3.2.2.2.2.5	0.1.1.1.1.1.1.1.1.0.0.1.0.1.0.0.1.0.1.1.1.0.0.1.0.1.1.1.1.1.0.0.1.0.1.1.1.1.0.1.0.0	b16:7F94B97CBD0	b32:FUABIV5T0	4		#a8d8a8
n358	1.2.2.2.2.2.2.2.2.3.2.3.2.2.2.3.2.2.2.2.2.3.2.2.2.3	0.1.1.1.1.1.1.1.1.0.0.1.0.1.0.0.1.0.1.1.1.0.0.1.0.1.1.1.1.1.0.0.1.0.1.1.1.0.0.1.0	b16:7F94B97CB90	b32:FUABIV5P0	1		
n359	1.2.2.2.2.2.2.2.2.3.2.3.2.2.2.3.2.2.2.2.2.3.2.2.2.3.1	0.1.1.1.1.1.1.1.1.0.0.1.0.1.0.0.1.0.1.1.1.0.0.1.0.1.1.1.1.1.0.0.1.0.1.1.1.0.0.1.0.0	b16:7F94B97CB90	b32:FUABIV5P0	1		
OZ294984.1	1.2.2.2.2.2.2.2.2.3.2.3.2.2.2.3.2.2.2.2.2.3.2.2.2.3.1.1	0.1.1.1.1.1.1.1.1.0.0.1.0.1.0.0.1.0.1.1.1.0.0.1.0.1.1.1.1.1.0.0.1.0.1.1.1.0.0.1.0.0.0	b16:7F94B97CB90	b32:FUABIV5P0	3		#a8d8a8
n361	1.2.2.2.2.2.2.2.2.3.2.3.2.2.2.3.2.2.2.2.2.3.2.2.2.3.1.2	0.1.1.1.1.1.1.1.1.0.0.1.0.1.0.0.1.0.1.1.1.0.0.1.0.1.1.1.1.1.0.0.1.0.1.1.1.0.0.1.0.0.1	b16:7F94B97CB92	b32:FUABIV5P4	10		
OZ293708.1	1.2.2.2.2.2.2.2.2.3.2.3.2.2.2.3.2.2.2.2.2.3.2.2.2.3.1.2.1	0.1.1.1.1.1.1.1.1.0.0.1.0.1.0.0.1.0.1.1.1.0.0.1.0.1.1.1.1.1.0.0.1.0.1.1.1.0.0.1.0.0.1.0	b16:7F94B97CB92	b32:FUABIV5P4	7		#a8d8a8
OZ294834.1	1.2.2.2.2.2.2.2.2.3.2.3.2.2.2.3.2.2.2.2.2.3.2.2.2.3.1.2.2	0.1.1.1.1.1.1.1.1.0.0.1.0.1.0.0.1.0.1.1.1.0.0.1.0.1.1.1.1.1.0.0.1.0.1.1.1.0.0.1.0.0.1.1	b16:7F94B97CB93	b32:FUABIV5P6	5		#a8d8a8
n364	1.2.2.2.2.2.2.2.2.3.2.3.2.2.2.3.2.2.2.2.2.3.2.2.2.3.1.3	0.1.1.1.1.1.1.1.1.0.0.1.0.1.0.0.1.0.1.1.1.0.0.1.0.1.1.1.1.1.0.0.1.0.1.1.1.0.0.1.0.0.0.0.1.0	b16:7F94B97CB908	b32:FUABIV5P10	2		
OZ293773.1	1.2.2.2.2.2.2.2.2.3.2.3.2.2.2.3.2.2.2.2.2.3.2.2.2.3.1.3.1	0.1.1.1.1.1.1.1.1.0.0.1.0.1.0.0.1.0.1.1.1.0.0.1.0.1.1.1.1.1.0.0.1.0.1.1.1.0.0.1.0.0.0.0.1.0.0	b16:7F94B97CB908	b32:FUABIV5P10	4		#a8d8a8
OZ293503.1	1.2.2.2.2.2.2.2.2.3.2.3.2.2.2.3.2.2.2.2.2.3.2.2.2.3.1.3.2	0.1.1.1.1.1.1.1.1.0.0.1.0.1.0.0.1.0.1.1.1.0.0.1.0.1.1.1.1.1.0.0.1.0.1.1.1.0.0.1.0.0.0.0.1.0.1	b16:7F94B97CB90A	b32:FUABIV5P18	5		#a8d8a8
n367	1.2.2.2.2.2.2.2.2.3.2.3.2.2.2.3.2.2.2.2.2.3.2.2.2.3.1.3.3	0.1.1.1.1.1.1.1.1.0.0.1.0.1.0.0.1.0.1.1.1.0.0.1.0.1.1.1.1.1.0.0.1.0.1.1.1.0.0.1.0.0.0.0.1.0.0.0.1.0	b16:7F94B97CB9088	b32:FUABIV5P12	3		
OZ294938.1	1.2.2.2.2.2.2.2.2.3.2.3.2.2.2.3.2.2.2.2.2.3.2.2.2.3.1.3.3.1	0.1.1.1.1.1.1.1.1.0.0.1.0.1.0.0.1.0.1.1.1.0.0.1.0.1.1.1.1.1.0.0.1.0.1.1.1.0.0.1.0.0.0.0.1.0.0.0.1.0.0	b16:7F94B97CB9088	b32:FUABIV5P120	10		#a8d8a8
PQ660506.1	1.2.2.2.2.2.2.2.2.3.2.3.2.2.2.3.2.2.2.2.2.3.2.2.2.3.1.3.3.2	0.1.1.1.1.1.1.1.1.0.0.1.0.1.0.0.1.0.1.1.1.0.0.1.0.1.1.1.1.1.0.0.1.0.1.1.1.0.0.1.0.0.0.0.1.0.0.0.1.0.1	b16:7F94B97CB908A	b32:FUABIV5P12G	3		#a8d8a8
n370	1.2.2.2.2.2.2.2.2.3.2.3.2.2.2.3.2.2.2.2.2.3.2.2.2.3.2	0.1.1.1.1.1.1.1.1.0.0.1.0.1.0.0.1.0.1.1.1.0.0.1.0.1.1.1.1.1.0.0.1.0.1.1.1.0.0.1.0.1	b16:7F94B97CB94	b32:FUABIV5P8	3		
n371	1.2.2.2.2.2.2.2.2.3.2.3.2.2.2.3.2.2.2.2.2.3.2.2.2.3.2.1	0.1.1.1.1.1.1.1.1.0.0.1.0.1.0.0.1.0.1.1.1.0.0.1.0.1.1.1.1.1.0.0.1.0.1.1.1.0.0.1.0.1.0	b16:7F94B97CB94	b32:FUABIV5P8	8		
OZ293775.1	1.2.2.2.2.2.2.2.2.3.2.3.2.2.2.3.2.2.2.2.2.3.2.2.2.3.2.1.1	0.1.1.1.1.1.1.1.1.0.0.1.0.1.0.0.1.0.1.1.1.0.0.1.0.1.1.1.1.1.0.0.1.0.1.1.1.0.0.1.0.1.0.0	b16:7F94B97CB94	b32:FUABIV5P8	3		#a8d8a8
n373	1.2.2.2.2.2.2.2.2.3.2.3.2.2.2.3.2.2.2.2.2.3.2.2.2.3.2.1.2	0.1.1.1.1.1.1.1.1.0.0.1.0.1.0.0.1.0.1.1.1.0.0.1.0.1.1.1.1.1.0.0.1.0.1.1.1.0.0.1.0.1.0.1	b16:7F94B97CB95	b32:FUABIV5PA	1		
OZ294800.1	1.2.2.2.2.2.2.2.2.3.2.3.2.2.2.3.2.2.2.2.2.3.2.2.2.3.2.1.2.1	0.1.1.1.1.1.1.1.1.0.0.1.0.1.0.0.1.0.1.1.1.0.0.1.0.1.1.1.1.1.0.0.1.0.1.1.1.0.0.1.0.1.0.1.0	b16:7F94B97CB950	b32:FUABIV5PA	1		#a8d8a8
OZ294960.1	1.2.2.2.2.2.2.2.2.3.2.3.2.2.2.3.2.2.2.2.2.3.2.2.2.3.2.1.2.2	0.1.1.1.1.1.1.1.1.0.0.1.0.1.0.0.1.0.1.1.1.0.0.1.0.1.1.1.1.1.0.0.1.0.1.1.1.0.0.1.0.1.0.1.1	b16:7F94B97CB958	b32:FUABIV5PB	0		#a8d8a8
n376	1.2.2.2.2.2.2.2.2.3.2.3.2.2.2.3.2.2.2.2.2.3.2.2.2.3.2.2	0.1.1.1.1.1.1.1.1.0.0.1.0.1.0.0.1.0.1.1.1.0.0.1.0.1.1.1.1.1.0.0.1.0.1.1.1.0.0.1.0.1.1	b16:7F94B97CB96	b32:FUABIV5PC	4		
OZ293721.1	1.2.2.2.2.2.2.2.2.3.2.3.2.2.2.3.2.2.2.2.2.3.2.2.2.3.2.2.1	0.1.1.1.1.1.1.1.1.0.0.1.0.1.0.0.1.0.1.1.1.0.0.1.0.1.1.1.1.1.0.0.1.0.1.1.1.0.0.1.0.1.1.0	b16:7F94B97CB96	b32:FUABIV5PC	8		#a8d8a8
OZ293771.1	1.2.2.2.2.2.2.2.2.3.2.3.2.2.2.3.2.2.2.2.2.3.2.2.2.3.2.2.2	0.1.1.1.1.1.1.1.1.0.0.1.0.1.0.0.1.0.1.1.1.0.0.1.0.1.1.1.1.1.0.0.1.0.1.1.1.0.0.1.0.1.1.1	b16:7F94B97CB97	b32:FUABIV5PE	1		#a8d8a8
OZ293778.1	1.2.2.2.2.2.2.2.2.3.2.3.2.2.2.3.2.2.2.2.2.3.2.2.2.3.2.2.3	0.1.1.1.1.1.1.1.1.0.0.1.0.1.0.0.1.0.1.1.1.0.0.1.0.1.1.1.1.1.0.0.1.0.1.1.1.0.0.1.0.1.1.0.0.1.0	b16:7F94B97CB964	b32:FUABIV5PCG	5		#a8d8a8
n380	1.2.2.2.2.2.2.2.2.3.2.3.2.2.2.3.2.2.2.2.2.3.2.2.2.3.2.2.4	0.1.1.1.1.1.1.1.1.0.0.1.0.1.0.0.1.0.1.1.1.0.0.1.0.1.1.1.1.1.0.0.1.0.1.1.1.0.0.1.0.1.1.0.0.1.1	b16:7F94B97CB966	b32:FUABIV5PCO	5		
OZ293777.1	1.2.2.2.2.2.2.2.2.3.2.3.2.2.2.3.2.2.2.2.2.3.2.2.2.3.2.2.4.1	0.1.1.1.1.1.1.1.1.0.0.1.0.1.0.0.1.0.1.1.1.0.0.1.0.1.1.1.1.1.0.0.1.0.1.1.1.0.0.1.0.1.1.0.0.1.1.0	b16:7F94B97CB966	b32:FUABIV5PCO	0		#a8d8a8
OZ294945.1	1.2.2.2.2.2.2.2.2.3.2.3.2.2.2.3.2.2.2.2.2.3.2.2.2.3.2.2.4.2	0.1.1.1.1.1.1.1.1.0.0.1.0.1.0.0.1.0.1.1.1.0.0.1.0.1.1.1.1.1.0.0.1.0.1.1.1.0.0.1.0.1.1.0.0.1.1.1	b16:7F94B97CB967	b32:FUABIV5PCS	1		#a8d8a8
n383	1.2.2.2.2.2.2.2.2.3.2.3.2.2.2.3.2.3	0.1.1.1.1.1.1.1.1.0.0.1.0.1.0.0.1.0.1.1.1.0.0.1.0.1.0.0.1.0	b16:7F94B948	b32:FUABII	1		
n384	1.2.2.2.2.2.2.2.2.3.2.3.2.2.2.3.2.3.1	0.1.1.1.1.1.1.1.1.0.0.1.0.1.0.0.1.0.1.1.1.0.0.1.0.1.0.0.1.0.0	b16:7F94B948	b32:FUABII0	10	#f4a8a8	
ON813214.1	1.2.2.2.2.2.2.2.2.3.2.3.2.2.2.3.2.3.1.1	0.1.1.1.1.1.1.1.1.0.0.1.0.1.0.0.1.0.1.1.1.0.0.1.0.1.0.0.1.0.0.0	b16:7F94B948	b32:FUABII0	1		#f4a8a8
n386	1.2.2.2.2.2.2.2.2.3.2.3.2.2.2.3.2.3.1.2	0.1.1.1.1.1.1.1.1.0.0.1.0.1.0.0.1.0.1.1.1.0.0.1.0.1.0.0.1.0.0.1	b16:7F94B949	b32:FUABII8	1		
OP846978.1	1.2.2.2.2.2.2.2.2.3.2.3.2.2.2.3.2.3.1.2.1	0.1.1.1.1.1.1.1.1.0.0.1.0.1.0.0.1.0.1.1.1.0.0.1.0.1.0.0.1.0.0.1.0	b16:7F94B9490	b32:FUABII8	32		#f4a8a8
n388	1.2.2.2.2.2.2.2.2.3.2.3.2.2.2.3.2.3.1.2.2	0.1.1.1.1.1.1.1.1.0.0.1.0.1.0.0.1.0.1.1.1.0.0.1.0.1.0.0.1.0.0.1.1	b16:7F94B9498	b32:FUABIIC	13		
ON813210.1	1.2.2.2.2.2.2.2.2.3.2.3.2.2.2.3.2.3.1.2.2.1	0.1.1.1.1.1.1.1.1.0.0.1.0.1.0.0.1.0.1.1.1.0.0.1.0.1.0.0.1.0.0.1.1.0	b16:7F94B9498	b32:FUABIIC	44		#f4a8a8
n390	1.2.2.2.2.2.2.2.2.3.2.3.2.2.2.3.2.3.1.2.2.2	0.1.1.1.1.1.1.1.1.0.0.1.0.1.0.0.1.0.1.1.1.0.0.1.0.1.0.0.1.0.0.1.1.1	b16:7F94B949C	b32:FUABIIE	11		
OP713603.1	1.2.2.2.2.2.2.2.2.3.2.3.2.2.2.3.2.3.1.2.2.2.1	0.1.1.1.1.1.1.1.1.0.0.1.0.1.0.0.1.0.1.1.1.0.0.1.0.1.0.0.1.0.0.1.1.1.0	b16:7F94B949C	b32:FUABIIE	62		#f4a8a8
n392	1.2.2.2.2.2.2.2.2.3.2.3.2.2.2.3.2.3.1.2.2.2.2	0.1.1.1.1.1.1.1.1.0.0.1.0.1.0.0.1.0.1.1.1.0.0.1.0.1.0.0.1.0.0.1.1.1.1	b16:7F94B949E	b32:FUABIIF	4		
OP846982.1	1.2.2.2.2.2.2.2.2.3.2.3.2.2.2.3.2.3.1.2.2.2.2.1	0.1.1.1.1.1.1.1.1.0.0.1.0.1.0.0.1.0.1.1.1.0.0.1.0.1.0.0.1.0.0.1.1.1.1.0	b16:7F94B949E	b32:FUABIIF0	42		#f4a8a8
n394	1.2.2.2.2.2.2.2.2.3.2.3.2.2.2.3.2.3.1.2.2.2.2.2	0.1.1.1.1.1.1.1.1.0.0.1.0.1.0.0.1.0.1.1.1.0.0.1.0.1.0.0.1.0.0.1.1.1.1.1	b16:7F94B949F	b32:FUABIIFG	2		
OP846980.1	1.2.2.2.2.2.2.2.2.3.2.3.2.2.2.3.2.3.1.2.2.2.2.2.1	0.1.1.1.1.1.1.1.1.0.0.1.0.1.0.0.1.0.1.1.1.0.0.1.0.1.0.0.1.0.0.1.1.1.1.1.0	b16:7F94B949F0	b32:FUABIIFG	48		#f4a8a8
n396	1.2.2.2.2.2.2.2.2.3.2.3.2.2.2.3.2.3.1.2.2.2.2.2.2	0.1.1.1.1.1.1.1.1.0.0.1.0.1.0.0.1.0.1.1.1.0.0.1.0.1.0.0.1.0.0.1.1.1.1.1.1	b16:7F94B949F8	b32:FUABIIFO	49		
2026.EXT.0225.1304.120	1.2.2.2.2.2.2.2.2.3.2.3.2.2.2.3.2.3.1.2.2.2.2.2.2.1	0.1.1.1.1.1.1.1.1.0.0.1.0.1.0.0.1.0.1.1.1.0.0.1.0.1.0.0.1.0.0.1.1.1.1.1.1.0	b16:7F94B949F8	b32:FUABIIFO	7		#f4a8a8
n398	1.2.2.2.2.2.2.2.2.3.2.3.2.2.2.3.2.3.1.2.2.2.2.2.2.2	0.1.1.1.1.1.1.1.1.0.0.1.0.1.0.0.1.0.1.1.1.0.0.1.0.1.0.0.1.0.0.1.1.1.1.1.1.1	b16:7F94B949FC	b32:FUABIIFS	7		
2026.EXT.0225.1301.460	1.2.2.2.2.2.2.2.2.3.2.3.2.2.2.3.2.3.1.2.2.2.2.2.2.2.1	0.1.1.1.1.1.1.1.1.0.0.1.0.1.0.0.1.0.1.1.1.0.0.1.0.1.0.0.1.0.0.1.1.1.1.1.1.1.0	b16:7F94B949FC	b32:FUABIIFS	0		#f4a8a8
2026.EXT.0225.1255.010	1.2.2.2.2.2.2.2.2.3.2.3.2.2.2.3.2.3.1.2.2.2.2.2.2.2.2	0.1.1.1.1.1.1.1.1.0.0.1.0.1.0.0.1.0.1.1.1.0.0.1.0.1.0.0.1.0.0.1.1.1.1.1.1.1.1	b16:7F94B949FE	b32:FUABIIFU	1		#f4a8a8
n401	1.2.2.2.2.2.2.2.2.3.2.3.2.2.2.3.2.3.2	0.1.1.1.1.1.1.1.1.0.0.1.0.1.0.0.1.0.1.1.1.0.0.1.0.1.0.0.1.0.1	b16:7F94B94A	b32:FUABIIG	27		
n402	1.2.2.2.2.2.2.2.2.3.2.3.2.2.2.3.2.3.2.1	0.1.1.1.1.1.1.1.1.0.0.1.0.1.0.0.1.0.1.1.1.0.0.1.0.1.0.0.1.0.1.0	b16:7F94B94A	b32:FUABIIG	57	#a8c8f4	
2025.EXT.1106.1850.225	1.2.2.2.2.2.2.2.2.3.2.3.2.2.2.3.2.3.2.1.1	0.1.1.1.1.1.1.1.1.0.0.1.0.1.0.0.1.0.1.1.1.0.0.1.0.1.0.0.1.0.1.0.0	b16:7F94B94A0	b32:FUABIIG	97		#a8c8f4
2025.EXT.1106.1850.226	1.2.2.2.2.2.2.2.2.3.2.3.2.2.2.3.2.3.2.1.2	0.1.1.1.1.1.1.1.1.0.0.1.0.1.0.0.1.0.1.1.1.0.0.1.0.1.0.0.1.0.1.0.1	b16:7F94B94A8	b32:FUABIIK	22		#a8c8f4
n405	1.2.2.2.2.2.2.2.2.3.2.3.2.2.2.3.2.3.2.2	0.1.1.1.1.1.1.1.1.0.0.1.0.1.0.0.1.0.1.1.1.0.0.1.0.1.0.0.1.0.1.1	b16:7F94B94B	b32:FUABIIO	8		
n406	1.2.2.2.2.2.2.2.2.3.2.3.2.2.2.3.2.3.2.2.1	0.1.1.1.1.1.1.1.1.0.0.1.0.1.0.0.1.0.1.1.1.0.0.1.0.1.0.0.1.0.1.1.0	b16:7F94B94B0	b32:FUABIIO	9	#f4d4a8	
PP445046.1	1.2.2.2.2.2.2.2.2.3.2.3.2.2.2.3.2.3.2.2.1.1	0.1.1.1.1.1.1.1.1.0.0.1.0.1.0.0.1.0.1.1.1.0.0.1.0.1.0.0.1.0.1.1.0.0	b16:7F94B94B0	b32:FUABIIO	52		#f4d4a8
n408	1.2.2.2.2.2.2.2.2.3.2.3.2.2.2.3.2.3.2.2.1.2	0.1.1.1.1.1.1.1.1.0.0.1.0.1.0.0.1.0.1.1.1.0.0.1.0.1.0.0.1.0.1.1.0.1	b16:7F94B94B4	b32:FUABIIQ	29		
2025.EXT.1106.1850.2212	1.2.2.2.2.2.2.2.2.3.2.3.2.2.2.3.2.3.2.2.1.2.1	0.1.1.1.1.1.1.1.1.0.0.1.0.1.0.0.1.0.1.1.1.0.0.1.0.1.0.0.1.0.1.1.0.1.0	b16:7F94B94B4	b32:FUABIIQ	48		#f4d4a8
2025.EXT.1106.1850.228	1.2.2.2.2.2.2.2.2.3.2.3.2.2.2.3.2.3.2.2.1.2.2	0.1.1.1.1.1.1.1.1.0.0.1.0.1.0.0.1.0.1.1.1.0.0.1.0.1.0.0.1.0.1.1.0.1.1	b16:7F94B94B6	b32:FUABIIR	74		#f4d4a8
n411	1.2.2.2.2.2.2.2.2.3.2.3.2.2.2.3.2.3.2.2.2	0.1.1.1.1.1.1.1.1.0.0.1.0.1.0.0.1.0.1.1.1.0.0.1.0.1.0.0.1.0.1.1.1	b16:7F94B94B8	b32:FUABIIS	67	#d4a8f4	
n412	1.2.2.2.2.2.2.2.2.3.2.3.2.2.2.3.2.3.2.2.2.1	0.1.1.1.1.1.1.1.1.0.0.1.0.1.0.0.1.0.1.1.1.0.0.1.0.1.0.0.1.0.1.1.1.0	b16:7F94B94B8	b32:FUABIIS	2		
OP609796.1	1.2.2.2.2.2.2.2.2.3.2.3.2.2.2.3.2.3.2.2.2.1.1	0.1.1.1.1.1.1.1.1.0.0.1.0.1.0.0.1.0.1.1.1.0.0.1.0.1.0.0.1.0.1.1.1.0.0	b16:7F94B94B8	b32:FUABIIS	2		#d4a8f4
n414	1.2.2.2.2.2.2.2.2.3.2.3.2.2.2.3.2.3.2.2.2.1.2	0.1.1.1.1.1.1.1.1.0.0.1.0.1.0.0.1.0.1.1.1.0.0.1.0.1.0.0.1.0.1.1.1.0.1	b16:7F94B94BA	b32:FUABIIT	1		
2022.TE.51355.2.4	1.2.2.2.2.2.2.2.2.3.2.3.2.2.2.3.2.3.2.2.2.1.2.1	0.1.1.1.1.1.1.1.1.0.0.1.0.1.0.0.1.0.1.1.1.0.0.1.0.1.0.0.1.0.1.1.1.0.1.0	b16:7F94B94BA	b32:FUABIIT0	3		#d4a8f4
2022.TE.51355.2.3	1.2.2.2.2.2.2.2.2.3.2.3.2.2.2.3.2.3.2.2.2.1.2.2	0.1.1.1.1.1.1.1.1.0.0.1.0.1.0.0.1.0.1.1.1.0.0.1.0.1.0.0.1.0.1.1.1.0.1.1	b16:7F94B94BB	b32:FUABIITG	12		#d4a8f4
n417	1.2.2.2.2.2.2.2.2.3.2.3.2.2.2.3.2.3.2.2.2.2	0.1.1.1.1.1.1.1.1.0.0.1.0.1.0.0.1.0.1.1.1.0.0.1.0.1.0.0.1.0.1.1.1.1	b16:7F94B94BC	b32:FUABIIU	2	#4e79a7	
OP609799.1	1.2.2.2.2.2.2.2.2.3.2.3.2.2.2.3.2.3.2.2.2.2.1	0.1.1.1.1.1.1.1.1.0.0.1.0.1.0.0.1.0.1.1.1.0.0.1.0.1.0.0.1.0.1.1.1.1.0	b16:7F94B94BC	b32:FUABIIU	1		#4e79a7
OP009525.1	1.2.2.2.2.2.2.2.2.3.2.3.2.2.2.3.2.3.2.2.2.2.2	0.1.1.1.1.1.1.1.1.0.0.1.0.1.0.0.1.0.1.1.1.0.0.1.0.1.0.0.1.0.1.1.1.1.1	b16:7F94B94BE	b32:FUABIIV	1		#4e79a7
OP009522.1	1.2.2.2.2.2.2.2.2.3.2.3.2.2.2.3.2.3.2.2.2.2.3	0.1.1.1.1.1.1.1.1.0.0.1.0.1.0.0.1.0.1.1.1.0.0.1.0.1.0.0.1.0.1.1.1.1.0.0.1.0	b16:7F94B94BC8	b32:FUABIIU8	1		#4e79a7
OP009523.1	1.2.2.2.2.2.2.2.2.3.2.3.2.2.2.3.2.3.2.2.2.2.4	0.1.1.1.1.1.1.1.1.0.0.1.0.1.0.0.1.0.1.1.1.0.0.1.0.1.0.0.1.0.1.1.1.1.0.0.1.1	b16:7F94B94BCC	b32:FUABIIUC	7		#4e79a7
OP009520.1	1.2.2.2.2.2.2.2.2.3.2.3.2.2.2.3.2.3.2.2.2.2.5	0.1.1.1.1.1.1.1.1.0.0.1.0.1.0.0.1.0.1.1.1.0.0.1.0.1.0.0.1.0.1.1.1.1.0.1.0.0	b16:7F94B94BD0	b32:FUABIIUG	1		#4e79a7
OP009521.1	1.2.2.2.2.2.2.2.2.3.2.3.2.2.2.3.2.3.2.2.2.2.6	0.1.1.1.1.1.1.1.1.0.0.1.0.1.0.0.1.0.1.1.1.0.0.1.0.1.0.0.1.0.1.1.1.1.0.1.0.1	b16:7F94B94BD4	b32:FUABIIUK	2		#4e79a7
OP609815.1	1.2.2.2.2.2.2.2.2.3.2.3.2.2.2.3.2.3.2.2.2.2.7	0.1.1.1.1.1.1.1.1.0.0.1.0.1.0.0.1.0.1.1.1.0.0.1.0.1.0.0.1.0.1.1.1.1.0.1.1.0	b16:7F94B94BD8	b32:FUABIIUO	4		#4e79a7
OP609805.1	1.2.2.2.2.2.2.2.2.3.2.3.2.2.2.3.2.3.2.2.2.2.8	0.1.1.1.1.1.1.1.1.0.0.1.0.1.0.0.1.0.1.1.1.0.0.1.0.1.0.0.1.0.1.1.1.1.0.1.1.1	b16:7F94B94BDC	b32:FUABIIUS	2		#4e79a7
OP609793.1	1.2.2.2.2.2.2.2.2.3.2.3.2.2.2.3.2.3.2.2.2.2.9	0.1.1.1.1.1.1.1.1.0.0.1.0.1.0.0.1.0.1.1.1.0.0.1.0.1.0.0.1.0.1.1.1.1.1.0.0.0	b16:7F94B94BE0	b32:FUABIIV0	2		#4e79a7
OP609794.1	1.2.2.2.2.2.2.2.2.3.2.3.2.2.2.3.2.3.2.2.2.2.10	0.1.1.1.1.1.1.1.1.0.0.1.0.1.0.0.1.0.1.1.1.0.0.1.0.1.0.0.1.0.1.1.1.1.1.0.0.1	b16:7F94B94BE4	b32:FUABIIV4	8		#4e79a7
OP009524.1	1.2.2.2.2.2.2.2.2.3.2.3.2.2.2.3.2.3.2.2.2.2.11	0.1.1.1.1.1.1.1.1.0.0.1.0.1.0.0.1.0.1.1.1.0.0.1.0.1.0.0.1.0.1.1.1.1.1.0.1.0	b16:7F94B94BE8	b32:FUABIIV8	0		#4e79a7
OP609810.1	1.2.2.2.2.2.2.2.2.3.2.3.2.2.2.3.2.3.2.2.2.2.12	0.1.1.1.1.1.1.1.1.0.0.1.0.1.0.0.1.0.1.1.1.0.0.1.0.1.0.0.1.0.1.1.1.1.1.0.1.1	b16:7F94B94BEC	b32:FUABIIVC	0		#4e79a7
OP609798.1	1.2.2.2.2.2.2.2.2.3.2.3.2.2.2.3.2.3.2.2.2.2.13	0.1.1.1.1.1.1.1.1.0.0.1.0.1.0.0.1.0.1.1.1.0.0.1.0.1.0.0.1.0.1.1.1.1.1.1.0.0	b16:7F94B94BF0	b32:FUABIIVG	4		#4e79a7
OP609809.1	1.2.2.2.2.2.2.2.2.3.2.3.2.2.2.3.2.3.2.2.2.2.14	0.1.1.1.1.1.1.1.1.0.0.1.0.1.0.0.1.0.1.1.1.0.0.1.0.1.0.0.1.0.1.1.1.1.1.1.0.1	b16:7F94B94BF4	b32:FUABIIVK	3		#4e79a7
OP609800.1	1.2.2.2.2.2.2.2.2.3.2.3.2.2.2.3.2.3.2.2.2.2.15	0.1.1.1.1.1.1.1.1.0.0.1.0.1.0.0.1.0.1.1.1.0.0.1.0.1.0.0.1.0.1.1.1.1.1.1.1.0	b16:7F94B94BF8	b32:FUABIIVO	3		#4e79a7
n433	1.2.2.2.2.2.2.2.2.3.2.3.2.2.2.3.2.3.2.2.2.2.16	0.1.1.1.1.1.1.1.1.0.0.1.0.1.0.0.1.0.1.1.1.0.0.1.0.1.0.0.1.0.1.1.1.1.1.1.1.1	b16:7F94B94BFC	b32:FUABIIVS	1		
OP609790.1	1.2.2.2.2.2.2.2.2.3.2.3.2.2.2.3.2.3.2.2.2.2.16.1	0.1.1.1.1.1.1.1.1.0.0.1.0.1.0.0.1.0.1.1.1.0.0.1.0.1.0.0.1.0.1.1.1.1.1.1.1.1.0	b16:7F94B94BFC	b32:FUABIIVS	0		#4e79a7
OP609814.1	1.2.2.2.2.2.2.2.2.3.2.3.2.2.2.3.2.3.2.2.2.2.16.2	0.1.1.1.1.1.1.1.1.0.0.1.0.1.0.0.1.0.1.1.1.0.0.1.0.1.0.0.1.0.1.1.1.1.1.1.1.1.1	b16:7F94B94BFE	b32:FUABIIVU	3		#4e79a7
n436	1.2.2.2.2.2.2.2.2.3.2.3.2.2.2.3.2.3.2.2.2.2.17	0.1.1.1.1.1.1.1.1.0.0.1.0.1.0.0.1.0.1.1.1.0.0.1.0.1.0.0.1.0.1.1.1.1.1.0.0.0.0	b16:7F94B94BE0	b32:FUABIIV0	6		
OP609801.1	1.2.2.2.2.2.2.2.2.3.2.3.2.2.2.3.2.3.2.2.2.2.17.1	0.1.1.1.1.1.1.1.1.0.0.1.0.1.0.0.1.0.1.1.1.0.0.1.0.1.0.0.1.0.1.1.1.1.1.0.0.0.0.0	b16:7F94B94BE0	b32:FUABIIV0	0		#4e79a7
OP609811.1	1.2.2.2.2.2.2.2.2.3.2.3.2.2.2.3.2.3.2.2.2.2.17.2	0.1.1.1.1.1.1.1.1.0.0.1.0.1.0.0.1.0.1.1.1.0.0.1.0.1.0.0.1.0.1.1.1.1.1.0.0.0.0.1	b16:7F94B94BE1	b32:FUABIIV1	0		#4e79a7
n439	1.2.2.2.2.2.2.2.2.3.2.3.2.2.2.3.2.3.2.2.2.2.18	0.1.1.1.1.1.1.1.1.0.0.1.0.1.0.0.1.0.1.1.1.0.0.1.0.1.0.0.1.0.1.1.1.1.1.0.0.0.1	b16:7F94B94BE2	b32:FUABIIV2	1		
OP609791.1	1.2.2.2.2.2.2.2.2.3.2.3.2.2.2.3.2.3.2.2.2.2.18.1	0.1.1.1.1.1.1.1.1.0.0.1.0.1.0.0.1.0.1.1.1.0.0.1.0.1.0.0.1.0.1.1.1.1.1.0.0.0.1.0	b16:7F94B94BE2	b32:FUABIIV2	0		#4e79a7
OP609795.1	1.2.2.2.2.2.2.2.2.3.2.3.2.2.2.3.2.3.2.2.2.2.18.2	0.1.1.1.1.1.1.1.1.0.0.1.0.1.0.0.1.0.1.1.1.0.0.1.0.1.0.0.1.0.1.1.1.1.1.0.0.0.1.1	b16:7F94B94BE3	b32:FUABIIV3	0		#4e79a7
n442	1.2.2.2.2.2.2.2.2.3.2.3.2.2.2.3.2.3.2.2.2.2.19	0.1.1.1.1.1.1.1.1.0.0.1.0.1.0.0.1.0.1.1.1.0.0.1.0.1.0.0.1.0.1.1.1.1.1.0.0.1.0	b16:7F94B94BE4	b32:FUABIIV4	2		
OP609812.1	1.2.2.2.2.2.2.2.2.3.2.3.2.2.2.3.2.3.2.2.2.2.19.1	0.1.1.1.1.1.1.1.1.0.0.1.0.1.0.0.1.0.1.1.1.0.0.1.0.1.0.0.1.0.1.1.1.1.1.0.0.1.0.0	b16:7F94B94BE4	b32:FUABIIV4	3		#4e79a7
OP609813.1	1.2.2.2.2.2.2.2.2.3.2.3.2.2.2.3.2.3.2.2.2.2.19.2	0.1.1.1.1.1.1.1.1.0.0.1.0.1.0.0.1.0.1.1.1.0.0.1.0.1.0.0.1.0.1.1.1.1.1.0.0.1.0.1	b16:7F94B94BE5	b32:FUABIIV5	1		#4e79a7
OP609807.1	1.2.2.2.2.2.2.2.2.3.2.3.2.2.2.3.2.3.2.2.2.2.19.3	0.1.1.1.1.1.1.1.1.0.0.1.0.1.0.0.1.0.1.1.1.0.0.1.0.1.0.0.1.0.1.1.1.1.1.0.0.1.0.0.0.1.0	b16:7F94B94BE44	b32:FUABIIV48	1		#4e79a7
n446	1.2.2.2.2.2.2.2.2.3.2.3.2.2.2.3.2.3.2.2.2.2.20	0.1.1.1.1.1.1.1.1.0.0.1.0.1.0.0.1.0.1.1.1.0.0.1.0.1.0.0.1.0.1.1.1.1.1.0.0.1.1	b16:7F94B94BE6	b32:FUABIIV6	1		
OP609803.1	1.2.2.2.2.2.2.2.2.3.2.3.2.2.2.3.2.3.2.2.2.2.20.1	0.1.1.1.1.1.1.1.1.0.0.1.0.1.0.0.1.0.1.1.1.0.0.1.0.1.0.0.1.0.1.1.1.1.1.0.0.1.1.0	b16:7F94B94BE6	b32:FUABIIV6	2		#4e79a7
OP609797.1	1.2.2.2.2.2.2.2.2.3.2.3.2.2.2.3.2.3.2.2.2.2.20.2	0.1.1.1.1.1.1.1.1.0.0.1.0.1.0.0.1.0.1.1.1.0.0.1.0.1.0.0.1.0.1.1.1.1.1.0.0.1.1.1	b16:7F94B94BE7	b32:FUABIIV7	2		#4e79a7
OP609802.1	1.2.2.2.2.2.2.2.2.3.2.3.2.2.2.3.2.3.2.2.2.2.20.3	0.1.1.1.1.1.1.1.1.0.0.1.0.1.0.0.1.0.1.1.1.0.0.1.0.1.0.0.1.0.1.1.1.1.1.0.0.1.1.0.0.1.0	b16:7F94B94BE64	b32:FUABIIV68	2		#4e79a7
OP609808.1	1.2.2.2.2.2.2.2.2.3.2.3.2.2.2.3.2.3.2.2.2.2.20.4	0.1.1.1.1.1.1.1.1.0.0.1.0.1.0.0.1.0.1.1.1.0.0.1.0.1.0.0.1.0.1.1.1.1.1.0.0.1.1.0.0.1.1	b16:7F94B94BE66	b32:FUABIIV6C	2		#4e79a7
n451	1.2.2.2.2.2.2.2.2.3.2.3.2.2.2.3.2.3.2.2.2.2.20.5	0.1.1.1.1.1.1.1.1.0.0.1.0.1.0.0.1.0.1.1.1.0.0.1.0.1.0.0.1.0.1.1.1.1.1.0.0.1.1.0.1.0.0	b16:7F94B94BE68	b32:FUABIIV6G	1		
OP609804.1	1.2.2.2.2.2.2.2.2.3.2.3.2.2.2.3.2.3.2.2.2.2.20.5.1	0.1.1.1.1.1.1.1.1.0.0.1.0.1.0.0.1.0.1.1.1.0.0.1.0.1.0.0.1.0.1.1.1.1.1.0.0.1.1.0.1.0.0.0	b16:7F94B94BE68	b32:FUABIIV6G	0		#4e79a7
OP609806.1	1.2.2.2.2.2.2.2.2.3.2.3.2.2.2.3.2.3.2.2.2.2.20.5.2	0.1.1.1.1.1.1.1.1.0.0.1.0.1.0.0.1.0.1.1.1.0.0.1.0.1.0.0.1.0.1.1.1.1.1.0.0.1.1.0.1.0.0.1	b16:7F94B94BE69	b32:FUABIIV6I	2		#4e79a7
OP609792.1	1.2.2.2.2.2.2.2.2.3.2.3.2.2.2.3.2.3.2.2.2.2.20.5.3	0.1.1.1.1.1.1.1.1.0.0.1.0.1.0.0.1.0.1.1.1.0.0.1.0.1.0.0.1.0.1.1.1.1.1.0.0.1.1.0.1.0.0.0.0.1.0	b16:7F94B94BE684	b32:FUABIIV6GG	2		#4e79a7
n455	1.2.2.2.2.2.2.2.2.3.2.3.2.2.2.3.2.3.2.2.2.3	0.1.1.1.1.1.1.1.1.0.0.1.0.1.0.0.1.0.1.1.1.0.0.1.0.1.0.0.1.0.1.1.1.0.0.1.0	b16:7F94B94B90	b32:FUABIISG	1		
n456	1.2.2.2.2.2.2.2.2.3.2.3.2.2.2.3.2.3.2.2.2.3.1	0.1.1.1.1.1.1.1.1.0.0.1.0.1.0.0.1.0.1.1.1.0.0.1.0.1.0.0.1.0.1.1.1.0.0.1.0.0	b16:7F94B94B90	b32:FUABIISG	7		
2023.TE.19712.2.3	1.2.2.2.2.2.2.2.2.3.2.3.2.2.2.3.2.3.2.2.2.3.1.1	0.1.1.1.1.1.1.1.1.0.0.1.0.1.0.0.1.0.1.1.1.0.0.1.0.1.0.0.1.0.1.1.1.0.0.1.0.0.0	b16:7F94B94B90	b32:FUABIISG	0		#d4a8f4
PP104379.1	1.2.2.2.2.2.2.2.2.3.2.3.2.2.2.3.2.3.2.2.2.3.1.2	0.1.1.1.1.1.1.1.1.0.0.1.0.1.0.0.1.0.1.1.1.0.0.1.0.1.0.0.1.0.1.1.1.0.0.1.0.0.1	b16:7F94B94B92	b32:FUABIISI	1		#d4a8f4
n459	1.2.2.2.2.2.2.2.2.3.2.3.2.2.2.3.2.3.2.2.2.3.2	0.1.1.1.1.1.1.1.1.0.0.1.0.1.0.0.1.0.1.1.1.0.0.1.0.1.0.0.1.0.1.1.1.0.0.1.0.1	b16:7F94B94B94	b32:FUABIISK	6	#e15759	
n460	1.2.2.2.2.2.2.2.2.3.2.3.2.2.2.3.2.3.2.2.2.3.2.1	0.1.1.1.1.1.1.1.1.0.0.1.0.1.0.0.1.0.1.1.1.0.0.1.0.1.0.0.1.0.1.1.1.0.0.1.0.1.0	b16:7F94B94B94	b32:FUABIISK	3		
2023.TE.25159.1.2	1.2.2.2.2.2.2.2.2.3.2.3.2.2.2.3.2.3.2.2.2.3.2.1.1	0.1.1.1.1.1.1.1.1.0.0.1.0.1.0.0.1.0.1.1.1.0.0.1.0.1.0.0.1.0.1.1.1.0.0.1.0.1.0.0	b16:7F94B94B94	b32:FUABIISK	1		#e15759
PP104382.1	1.2.2.2.2.2.2.2.2.3.2.3.2.2.2.3.2.3.2.2.2.3.2.1.2	0.1.1.1.1.1.1.1.1.0.0.1.0.1.0.0.1.0.1.1.1.0.0.1.0.1.0.0.1.0.1.1.1.0.0.1.0.1.0.1	b16:7F94B94B95	b32:FUABIISL	0		#e15759
n463	1.2.2.2.2.2.2.2.2.3.2.3.2.2.2.3.2.3.2.2.2.3.2.2	0.1.1.1.1.1.1.1.1.0.0.1.0.1.0.0.1.0.1.1.1.0.0.1.0.1.0.0.1.0.1.1.1.0.0.1.0.1.1	b16:7F94B94B96	b32:FUABIISM	2		
2025.TE.10398.1.1	1.2.2.2.2.2.2.2.2.3.2.3.2.2.2.3.2.3.2.2.2.3.2.2.1	0.1.1.1.1.1.1.1.1.0.0.1.0.1.0.0.1.0.1.1.1.0.0.1.0.1.0.0.1.0.1.1.1.0.0.1.0.1.1.0	b16:7F94B94B96	b32:FUABIISM	2		#e15759
n465	1.2.2.2.2.2.2.2.2.3.2.3.2.2.2.3.2.3.2.2.2.3.2.2.2	0.1.1.1.1.1.1.1.1.0.0.1.0.1.0.0.1.0.1.1.1.0.0.1.0.1.0.0.1.0.1.1.1.0.0.1.0.1.1.1	b16:7F94B94B97	b32:FUABIISN	1		
2025.TE.10428.1.1	1.2.2.2.2.2.2.2.2.3.2.3.2.2.2.3.2.3.2.2.2.3.2.2.2.1	0.1.1.1.1.1.1.1.1.0.0.1.0.1.0.0.1.0.1.1.1.0.0.1.0.1.0.0.1.0.1.1.1.0.0.1.0.1.1.1.0	b16:7F94B94B970	b32:FUABIISN0	7		#e15759
2025.TE.10400.1.1	1.2.2.2.2.2.2.2.2.3.2.3.2.2.2.3.2.3.2.2.2.3.2.2.2.2	0.1.1.1.1.1.1.1.1.0.0.1.0.1.0.0.1.0.1.1.1.0.0.1.0.1.0.0.1.0.1.1.1.0.0.1.0.1.1.1.1	b16:7F94B94B978	b32:FUABIISNG	1		#e15759
2025.TE.10395.1.1	1.2.2.2.2.2.2.2.2.3.2.3.2.2.2.3.2.3.2.2.2.3.2.2.2.3	0.1.1.1.1.1.1.1.1.0.0.1.0.1.0.0.1.0.1.1.1.0.0.1.0.1.0.0.1.0.1.1.1.0.0.1.0.1.1.1.0.0.1.0	b16:7F94B94B972	b32:FUABIISN4	2		#e15759
n469	1.2.2.2.2.2.2.2.2.3.2.3.2.2.2.3.2.3.2.2.2.3.2.2.3	0.1.1.1.1.1.1.1.1.0.0.1.0.1.0.0.1.0.1.1.1.0.0.1.0.1.0.0.1.0.1.1.1.0.0.1.0.1.1.0.0.1.0	b16:7F94B94B964	b32:FUABIISM8	6		
2026.TE.2253.1.1	1.2.2.2.2.2.2.2.2.3.2.3.2.2.2.3.2.3.2.2.2.3.2.2.3.1	0.1.1.1.1.1.1.1.1.0.0.1.0.1.0.0.1.0.1.1.1.0.0.1.0.1.0.0.1.0.1.1.1.0.0.1.0.1.1.0.0.1.0.0	b16:7F94B94B964	b32:FUABIISM8	4		#e15759
2026.TE.2262.1.1	1.2.2.2.2.2.2.2.2.3.2.3.2.2.2.3.2.3.2.2.2.3.2.2.3.2	0.1.1.1.1.1.1.1.1.0.0.1.0.1.0.0.1.0.1.1.1.0.0.1.0.1.0.0.1.0.1.1.1.0.0.1.0.1.1.0.0.1.0.1	b16:7F94B94B965	b32:FUABIISMA	6		#e15759
2025.TE.29212.1.1	1.2.2.2.2.2.2.2.2.3.2.3.2.2.2.3.2.3.2.2.2.3.2.2.3.3	0.1.1.1.1.1.1.1.1.0.0.1.0.1.0.0.1.0.1.1.1.0.0.1.0.1.0.0.1.0.1.1.1.0.0.1.0.1.1.0.0.1.0.0.0.1.0	b16:7F94B94B9644	b32:FUABIISM8G	4		#e15759
2026.TE.2245.1.1	1.2.2.2.2.2.2.2.2.3.2.3.2.2.2.3.2.3.2.2.2.3.2.2.3.4	0.1.1.1.1.1.1.1.1.0.0.1.0.1.0.0.1.0.1.1.1.0.0.1.0.1.0.0.1.0.1.1.1.0.0.1.0.1.1.0.0.1.0.0.0.1.1	b16:7F94B94B9646	b32:FUABIISM8O	3		#e15759
2025.TE.29209.1.1	1.2.2.2.2.2.2.2.2.3.2.3.2.2.2.3.2.3.2.2.2.3.2.2.3.5	0.1.1.1.1.1.1.1.1.0.0.1.0.1.0.0.1.0.1.1.1.0.0.1.0.1.0.0.1.0.1.1.1.0.0.1.0.1.1.0.0.1.0.0.1.0.0	b16:7F94B94B9648	b32:FUABIISM90	6		#e15759
n475	1.2.2.2.2.2.2.2.2.3.2.3.2.2.2.3.2.3.2.2.2.3.3	0.1.1.1.1.1.1.1.1.0.0.1.0.1.0.0.1.0.1.1.1.0.0.1.0.1.0.0.1.0.1.1.1.0.0.1.0.0.0.1.0	b16:7F94B94B910	b32:FUABIISH0	1		
2022.TE.40159.2.3	1.2.2.2.2.2.2.2.2.3.2.3.2.2.2.3.2.3.2.2.2.3.3.1	0.1.1.1.1.1.1.1.1.0.0.1.0.1.0.0.1.0.1.1.1.0.0.1.0.1.0.0.1.0.1.1.1.0.0.1.0.0.0.1.0.0	b16:7F94B94B910	b32:FUABIISH0	3		#d4a8f4
n477	1.2.2.2.2.2.2.2.2.3.2.3.2.2.2.3.2.3.2.2.2.3.3.2	0.1.1.1.1.1.1.1.1.0.0.1.0.1.0.0.1.0.1.1.1.0.0.1.0.1.0.0.1.0.1.1.1.0.0.1.0.0.0.1.0.1	b16:7F94B94B914	b32:FUABIISH8	4		
2022.TE.49235.2.2	1.2.2.2.2.2.2.2.2.3.2.3.2.2.2.3.2.3.2.2.2.3.3.2.1	0.1.1.1.1.1.1.1.1.0.0.1.0.1.0.0.1.0.1.1.1.0.0.1.0.1.0.0.1.0.1.1.1.0.0.1.0.0.0.1.0.1.0	b16:7F94B94B914	b32:FUABIISH8	0		#d4a8f4
OP850021.1	1.2.2.2.2.2.2.2.2.3.2.3.2.2.2.3.2.3.2.2.2.3.3.2.2	0.1.1.1.1.1.1.1.1.0.0.1.0.1.0.0.1.0.1.1.1.0.0.1.0.1.0.0.1.0.1.1.1.0.0.1.0.0.0.1.0.1.1	b16:7F94B94B916	b32:FUABIISHC	1		#d4a8f4
n480	1.2.2.2.2.2.2.2.2.3.2.3.2.2.2.3.2.3.2.2.2.3.3.3	0.1.1.1.1.1.1.1.1.0.0.1.0.1.0.0.1.0.1.1.1.0.0.1.0.1.0.0.1.0.1.1.1.0.0.1.0.0.0.1.0.0.0.1.0	b16:7F94B94B9110	b32:FUABIISH2	3	#76b7b2	
n481	1.2.2.2.2.2.2.2.2.3.2.3.2.2.2.3.2.3.2.2.2.3.3.3.1	0.1.1.1.1.1.1.1.1.0.0.1.0.1.0.0.1.0.1.1.1.0.0.1.0.1.0.0.1.0.1.1.1.0.0.1.0.0.0.1.0.0.0.1.0.0	b16:7F94B94B9110	b32:FUABIISH20	5		
2022.TE.49680.2.2	1.2.2.2.2.2.2.2.2.3.2.3.2.2.2.3.2.3.2.2.2.3.3.3.1.1	0.1.1.1.1.1.1.1.1.0.0.1.0.1.0.0.1.0.1.1.1.0.0.1.0.1.0.0.1.0.1.1.1.0.0.1.0.0.0.1.0.0.0.1.0.0.0	b16:7F94B94B9110	b32:FUABIISH20	0		#76b7b2
2022.TE.48124.2.3	1.2.2.2.2.2.2.2.2.3.2.3.2.2.2.3.2.3.2.2.2.3.3.3.1.2	0.1.1.1.1.1.1.1.1.0.0.1.0.1.0.0.1.0.1.1.1.0.0.1.0.1.0.0.1.0.1.1.1.0.0.1.0.0.0.1.0.0.0.1.0.0.1	b16:7F94B94B9112	b32:FUABIISH28	0		#76b7b2
n484	1.2.2.2.2.2.2.2.2.3.2.3.2.2.2.3.2.3.2.2.2.3.3.3.2	0.1.1.1.1.1.1.1.1.0.0.1.0.1.0.0.1.0.1.1.1.0.0.1.0.1.0.0.1.0.1.1.1.0.0.1.0.0.0.1.0.0.0.1.0.1	b16:7F94B94B9114	b32:FUABIISH2G	1		
2022.TE.51355.2.6	1.2.2.2.2.2.2.2.2.3.2.3.2.2.2.3.2.3.2.2.2.3.3.3.2.1	0.1.1.1.1.1.1.1.1.0.0.1.0.1.0.0.1.0.1.1.1.0.0.1.0.1.0.0.1.0.1.1.1.0.0.1.0.0.0.1.0.0.0.1.0.1.0	b16:7F94B94B9114	b32:FUABIISH2G	2		#76b7b2
n486	1.2.2.2.2.2.2.2.2.3.2.3.2.2.2.3.2.3.2.2.2.3.3.3.2.2	0.1.1.1.1.1.1.1.1.0.0.1.0.1.0.0.1.0.1.1.1.0.0.1.0.1.0.0.1.0.1.1.1.0.0.1.0.0.0.1.0.0.0.1.0.1.1	b16:7F94B94B9116	b32:FUABIISH2O	7		
2022.TE.42275.2.10	1.2.2.2.2.2.2.2.2.3.2.3.2.2.2.3.2.3.2.2.2.3.3.3.2.2.1	0.1.1.1.1.1.1.1.1.0.0.1.0.1.0.0.1.0.1.1.1.0.0.1.0.1.0.0.1.0.1.1.1.0.0.1.0.0.0.1.0.0.0.1.0.1.1.0	b16:7F94B94B9116	b32:FUABIISH2O	0		#76b7b2
OP734271.1	1.2.2.2.2.2.2.2.2.3.2.3.2.2.2.3.2.3.2.2.2.3.3.3.2.2.2	0.1.1.1.1.1.1.1.1.0.0.1.0.1.0.0.1.0.1.1.1.0.0.1.0.1.0.0.1.0.1.1.1.0.0.1.0.0.0.1.0.0.0.1.0.1.1.1	b16:7F94B94B9117	b32:FUABIISH2S	1		#76b7b2
n489	1.2.2.2.2.2.2.2.2.3.2.3.2.2.2.3.2.3.2.2.2.3.3.4	0.1.1.1.1.1.1.1.1.0.0.1.0.1.0.0.1.0.1.1.1.0.0.1.0.1.0.0.1.0.1.1.1.0.0.1.0.0.0.1.0.0.0.1.1	b16:7F94B94B9118	b32:FUABIISH3	1	#017280	
2022.TE.42275.2.6	1.2.2.2.2.2.2.2.2.3.2.3.2.2.2.3.2.3.2.2.2.3.3.4.1	0.1.1.1.1.1.1.1.1.0.0.1.0.1.0.0.1.0.1.1.1.0.0.1.0.1.0.0.1.0.1.1.1.0.0.1.0.0.0.1.0.0.0.1.1.0	b16:7F94B94B9118	b32:FUABIISH30	5		#017280
2022.TE.41224.2.10	1.2.2.2.2.2.2.2.2.3.2.3.2.2.2.3.2.3.2.2.2.3.3.4.2	0.1.1.1.1.1.1.1.1.0.0.1.0.1.0.0.1.0.1.1.1.0.0.1.0.1.0.0.1.0.1.1.1.0.0.1.0.0.0.1.0.0.0.1.1.1	b16:7F94B94B911C	b32:FUABIISH3G	4		#017280
n492	1.2.2.2.2.2.2.2.2.3.2.3.2.2.2.3.2.3.2.2.2.3.3.4.3	0.1.1.1.1.1.1.1.1.0.0.1.0.1.0.0.1.0.1.1.1.0.0.1.0.1.0.0.1.0.1.1.1.0.0.1.0.0.0.1.0.0.0.1.1.0.0.1.0	b16:7F94B94B91190	b32:FUABIISH34	1		
2022.TE.41224.2.8	1.2.2.2.2.2.2.2.2.3.2.3.2.2.2.3.2.3.2.2.2.3.3.4.3.1	0.1.1.1.1.1.1.1.1.0.0.1.0.1.0.0.1.0.1.1.1.0.0.1.0.1.0.0.1.0.1.1.1.0.0.1.0.0.0.1.0.0.0.1.1.0.0.1.0.0	b16:7F94B94B91190	b32:FUABIISH34	2		#017280
2022.TE.42275.2.11	1.2.2.2.2.2.2.2.2.3.2.3.2.2.2.3.2.3.2.2.2.3.3.4.3.2	0.1.1.1.1.1.1.1.1.0.0.1.0.1.0.0.1.0.1.1.1.0.0.1.0.1.0.0.1.0.1.1.1.0.0.1.0.0.0.1.0.0.0.1.1.0.0.1.0.1	b16:7F94B94B91194	b32:FUABIISH35	3		#017280
n495	1.2.2.2.2.2.2.2.2.3.2.3.2.2.2.3.2.3.2.2.2.3.3.4.4	0.1.1.1.1.1.1.1.1.0.0.1.0.1.0.0.1.0.1.1.1.0.0.1.0.1.0.0.1.0.1.1.1.0.0.1.0.0.0.1.0.0.0.1.1.0.0.1.1	b16:7F94B94B91198	b32:FUABIISH36	1		
2022.TE.42275.2.16	1.2.2.2.2.2.2.2.2.3.2.3.2.2.2.3.2.3.2.2.2.3.3.4.4.1	0.1.1.1.1.1.1.1.1.0.0.1.0.1.0.0.1.0.1.1.1.0.0.1.0.1.0.0.1.0.1.1.1.0.0.1.0.0.0.1.0.0.0.1.1.0.0.1.1.0	b16:7F94B94B91198	b32:FUABIISH36	2		#017280
2022.TE.42275.2.20	1.2.2.2.2.2.2.2.2.3.2.3.2.2.2.3.2.3.2.2.2.3.3.4.4.2	0.1.1.1.1.1.1.1.1.0.0.1.0.1.0.0.1.0.1.1.1.0.0.1.0.1.0.0.1.0.1.1.1.0.0.1.0.0.0.1.0.0.0.1.1.0.0.1.1.1	b16:7F94B94B9119C	b32:FUABIISH37	3		#017280
n498	1.2.2.2.2.2.2.2.2.3.2.3.2.2.2.3.2.3.2.2.2.3.3.4.4.3	0.1.1.1.1.1.1.1.1.0.0.1.0.1.0.0.1.0.1.1.1.0.0.1.0.1.0.0.1.0.1.1.1.0.0.1.0.0.0.1.0.0.0.1.1.0.0.1.1.0.0.1.0	b16:7F94B94B911990	b32:FUABIISH368	1		
2022.TE.42275.2.18	1.2.2.2.2.2.2.2.2.3.2.3.2.2.2.3.2.3.2.2.2.3.3.4.4.3.1	0.1.1.1.1.1.1.1.1.0.0.1.0.1.0.0.1.0.1.1.1.0.0.1.0.1.0.0.1.0.1.1.1.0.0.1.0.0.0.1.0.0.0.1.1.0.0.1.1.0.0.1.0.0	b16:7F94B94B911990	b32:FUABIISH368	4		#017280
2022.TE.42275.2.13	1.2.2.2.2.2.2.2.2.3.2.3.2.2.2.3.2.3.2.2.2.3.3.4.4.3.2	0.1.1.1.1.1.1.1.1.0.0.1.0.1.0.0.1.0.1.1.1.0.0.1.0.1.0.0.1.0.1.1.1.0.0.1.0.0.0.1.0.0.0.1.1.0.0.1.1.0.0.1.0.1	b16:7F94B94B911994	b32:FUABIISH36A	20		#017280
n501	1.2.2.2.2.2.2.2.2.3.2.3.2.2.2.3.2.3.2.2.2.3.3.4.5	0.1.1.1.1.1.1.1.1.0.0.1.0.1.0.0.1.0.1.1.1.0.0.1.0.1.0.0.1.0.1.1.1.0.0.1.0.0.0.1.0.0.0.1.1.0.1.0.0	b16:7F94B94B911A0	b32:FUABIISH38	1		
2022.TE.31571.2.2	1.2.2.2.2.2.2.2.2.3.2.3.2.2.2.3.2.3.2.2.2.3.3.4.5.1	0.1.1.1.1.1.1.1.1.0.0.1.0.1.0.0.1.0.1.1.1.0.0.1.0.1.0.0.1.0.1.1.1.0.0.1.0.0.0.1.0.0.0.1.1.0.1.0.0.0	b16:7F94B94B911A0	b32:FUABIISH38	3		#017280
2022.TE.41224.2.11	1.2.2.2.2.2.2.2.2.3.2.3.2.2.2.3.2.3.2.2.2.3.3.4.5.2	0.1.1.1.1.1.1.1.1.0.0.1.0.1.0.0.1.0.1.1.1.0.0.1.0.1.0.0.1.0.1.1.1.0.0.1.0.0.0.1.0.0.0.1.1.0.1.0.0.1	b16:7F94B94B911A4	b32:FUABIISH39	2		#017280
2022.TE.41400.2.4	1.2.2.2.2.2.2.2.2.3.2.3.2.2.2.3.2.3.2.2.2.3.3.4.5.3	0.1.1.1.1.1.1.1.1.0.0.1.0.1.0.0.1.0.1.1.1.0.0.1.0.1.0.0.1.0.1.1.1.0.0.1.0.0.0.1.0.0.0.1.1.0.1.0.0.0.0.1.0	b16:7F94B94B911A10	b32:FUABIISH388	4		#017280
n505	1.2.2.2.2.2.2.2.2.3.2.3.2.2.2.3.2.3.2.2.2.3.3.4.5.4	0.1.1.1.1.1.1.1.1.0.0.1.0.1.0.0.1.0.1.1.1.0.0.1.0.1.0.0.1.0.1.1.1.0.0.1.0.0.0.1.0.0.0.1.1.0.1.0.0.0.0.1.1	b16:7F94B94B911A18	b32:FUABIISH38C	1		
2023.TE.2199.2.2	1.2.2.2.2.2.2.2.2.3.2.3.2.2.2.3.2.3.2.2.2.3.3.4.5.4.1	0.1.1.1.1.1.1.1.1.0.0.1.0.1.0.0.1.0.1.1.1.0.0.1.0.1.0.0.1.0.1.1.1.0.0.1.0.0.0.1.0.0.0.1.1.0.1.0.0.0.0.1.1.0	b16:7F94B94B911A18	b32:FUABIISH38C	8		#017280
n507	1.2.2.2.2.2.2.2.2.3.2.3.2.2.2.3.2.3.2.2.2.3.3.4.5.4.2	0.1.1.1.1.1.1.1.1.0.0.1.0.1.0.0.1.0.1.1.1.0.0.1.0.1.0.0.1.0.1.1.1.0.0.1.0.0.0.1.0.0.0.1.1.0.1.0.0.0.0.1.1.1	b16:7F94B94B911A1C	b32:FUABIISH38E	4		
2022.TE.49235.2.3	1.2.2.2.2.2.2.2.2.3.2.3.2.2.2.3.2.3.2.2.2.3.3.4.5.4.2.1	0.1.1.1.1.1.1.1.1.0.0.1.0.1.0.0.1.0.1.1.1.0.0.1.0.1.0.0.1.0.1.1.1.0.0.1.0.0.0.1.0.0.0.1.1.0.1.0.0.0.0.1.1.1.0	b16:7F94B94B911A1C	b32:FUABIISH38E	4		#017280
2022.TE.49076.2.11	1.2.2.2.2.2.2.2.2.3.2.3.2.2.2.3.2.3.2.2.2.3.3.4.5.4.2.2	0.1.1.1.1.1.1.1.1.0.0.1.0.1.0.0.1.0.1.1.1.0.0.1.0.1.0.0.1.0.1.1.1.0.0.1.0.0.0.1.0.0.0.1.1.0.1.0.0.0.0.1.1.1.1	b16:7F94B94B911A1E	b32:FUABIISH38F	16		#017280
n510	1.2.2.2.2.2.2.2.2.3.2.3.2.2.2.3.2.3.2.2.2.3.3.5	0.1.1.1.1.1.1.1.1.0.0.1.0.1.0.0.1.0.1.1.1.0.0.1.0.1.0.0.1.0.1.1.1.0.0.1.0.0.0.1.0.0.1.0.0	b16:7F94B94B9120	b32:FUABIISH4	1		
n511	1.2.2.2.2.2.2.2.2.3.2.3.2.2.2.3.2.3.2.2.2.3.3.5.1	0.1.1.1.1.1.1.1.1.0.0.1.0.1.0.0.1.0.1.1.1.0.0.1.0.1.0.0.1.0.1.1.1.0.0.1.0.0.0.1.0.0.1.0.0.0	b16:7F94B94B9120	b32:FUABIISH40	1		
2022.TE.41224.2.16	1.2.2.2.2.2.2.2.2.3.2.3.2.2.2.3.2.3.2.2.2.3.3.5.1.1	0.1.1.1.1.1.1.1.1.0.0.1.0.1.0.0.1.0.1.1.1.0.0.1.0.1.0.0.1.0.1.1.1.0.0.1.0.0.0.1.0.0.1.0.0.0.0	b16:7F94B94B9120	b32:FUABIISH40	2		#d4a8f4
2022.TE.41400.2.5	1.2.2.2.2.2.2.2.2.3.2.3.2.2.2.3.2.3.2.2.2.3.3.5.1.2	0.1.1.1.1.1.1.1.1.0.0.1.0.1.0.0.1.0.1.1.1.0.0.1.0.1.0.0.1.0.1.1.1.0.0.1.0.0.0.1.0.0.1.0.0.0.1	b16:7F94B94B9122	b32:FUABIISH48	2		#d4a8f4
n514	1.2.2.2.2.2.2.2.2.3.2.3.2.2.2.3.2.3.2.2.2.3.3.5.2	0.1.1.1.1.1.1.1.1.0.0.1.0.1.0.0.1.0.1.1.1.0.0.1.0.1.0.0.1.0.1.1.1.0.0.1.0.0.0.1.0.0.1.0.0.1	b16:7F94B94B9124	b32:FUABIISH4G	3		
2025.TE.10408.1.1	1.2.2.2.2.2.2.2.2.3.2.3.2.2.2.3.2.3.2.2.2.3.3.5.2.1	0.1.1.1.1.1.1.1.1.0.0.1.0.1.0.0.1.0.1.1.1.0.0.1.0.1.0.0.1.0.1.1.1.0.0.1.0.0.0.1.0.0.1.0.0.1.0	b16:7F94B94B9124	b32:FUABIISH4G	8		#d4a8f4
n516	1.2.2.2.2.2.2.2.2.3.2.3.2.2.2.3.2.3.2.2.2.3.3.5.2.2	0.1.1.1.1.1.1.1.1.0.0.1.0.1.0.0.1.0.1.1.1.0.0.1.0.1.0.0.1.0.1.1.1.0.0.1.0.0.0.1.0.0.1.0.0.1.1	b16:7F94B94B9126	b32:FUABIISH4O	1		
n517	1.2.2.2.2.2.2.2.2.3.2.3.2.2.2.3.2.3.2.2.2.3.3.5.2.2.1	0.1.1.1.1.1.1.1.1.0.0.1.0.1.0.0.1.0.1.1.1.0.0.1.0.1.0.0.1.0.1.1.1.0.0.1.0.0.0.1.0.0.1.0.0.1.1.0	b16:7F94B94B9126	b32:FUABIISH4O	1		
2023.TE.25156.1.2	1.2.2.2.2.2.2.2.2.3.2.3.2.2.2.3.2.3.2.2.2.3.3.5.2.2.1.1	0.1.1.1.1.1.1.1.1.0.0.1.0.1.0.0.1.0.1.1.1.0.0.1.0.1.0.0.1.0.1.1.1.0.0.1.0.0.0.1.0.0.1.0.0.1.1.0.0	b16:7F94B94B91260	b32:FUABIISH4O	0		#d4a8f4
PP104381.1	1.2.2.2.2.2.2.2.2.3.2.3.2.2.2.3.2.3.2.2.2.3.3.5.2.2.1.2	0.1.1.1.1.1.1.1.1.0.0.1.0.1.0.0.1.0.1.1.1.0.0.1.0.1.0.0.1.0.1.1.1.0.0.1.0.0.0.1.0.0.1.0.0.1.1.0.1	b16:7F94B94B91268	b32:FUABIISH4Q	0		#d4a8f4
n520	1.2.2.2.2.2.2.2.2.3.2.3.2.2.2.3.2.3.2.2.2.3.3.5.2.2.2	0.1.1.1.1.1.1.1.1.0.0.1.0.1.0.0.1.0.1.1.1.0.0.1.0.1.0.0.1.0.1.1.1.0.0.1.0.0.0.1.0.0.1.0.0.1.1.1	b16:7F94B94B9127	b32:FUABIISH4S	1		
n521	1.2.2.2.2.2.2.2.2.3.2.3.2.2.2.3.2.3.2.2.2.3.3.5.2.2.2.1	0.1.1.1.1.1.1.1.1.0.0.1.0.1.0.0.1.0.1.1.1.0.0.1.0.1.0.0.1.0.1.1.1.0.0.1.0.0.0.1.0.0.1.0.0.1.1.1.0	b16:7F94B94B91270	b32:FUABIISH4S	1		
2023.TE.19712.2.5	1.2.2.2.2.2.2.2.2.3.2.3.2.2.2.3.2.3.2.2.2.3.3.5.2.2.2.1.1	0.1.1.1.1.1.1.1.1.0.0.1.0.1.0.0.1.0.1.1.1.0.0.1.0.1.0.0.1.0.1.1.1.0.0.1.0.0.0.1.0.0.1.0.0.1.1.1.0.0	b16:7F94B94B91270	b32:FUABIISH4S	0		#d4a8f4
PP104380.1	1.2.2.2.2.2.2.2.2.3.2.3.2.2.2.3.2.3.2.2.2.3.3.5.2.2.2.1.2	0.1.1.1.1.1.1.1.1.0.0.1.0.1.0.0.1.0.1.1.1.0.0.1.0.1.0.0.1.0.1.1.1.0.0.1.0.0.0.1.0.0.1.0.0.1.1.1.0.1	b16:7F94B94B91274	b32:FUABIISH4T	0		#d4a8f4
n524	1.2.2.2.2.2.2.2.2.3.2.3.2.2.2.3.2.3.2.2.2.3.3.5.2.2.2.1.3	0.1.1.1.1.1.1.1.1.0.0.1.0.1.0.0.1.0.1.1.1.0.0.1.0.1.0.0.1.0.1.1.1.0.0.1.0.0.0.1.0.0.1.0.0.1.1.1.0.0.0.1.0	b16:7F94B94B912710	b32:FUABIISH4S8	4		
2023.TE.19712.2.2	1.2.2.2.2.2.2.2.2.3.2.3.2.2.2.3.2.3.2.2.2.3.3.5.2.2.2.1.3.1	0.1.1.1.1.1.1.1.1.0.0.1.0.1.0.0.1.0.1.1.1.0.0.1.0.1.0.0.1.0.1.1.1.0.0.1.0.0.0.1.0.0.1.0.0.1.1.1.0.0.0.1.0.0	b16:7F94B94B912710	b32:FUABIISH4S8	0		#d4a8f4
PP104378.1	1.2.2.2.2.2.2.2.2.3.2.3.2.2.2.3.2.3.2.2.2.3.3.5.2.2.2.1.3.2	0.1.1.1.1.1.1.1.1.0.0.1.0.1.0.0.1.0.1.1.1.0.0.1.0.1.0.0.1.0.1.1.1.0.0.1.0.0.0.1.0.0.1.0.0.1.1.1.0.0.0.1.0.1	b16:7F94B94B912714	b32:FUABIISH4SA	0		#d4a8f4
n527	1.2.2.2.2.2.2.2.2.3.2.3.2.2.2.3.2.3.2.2.2.3.3.5.2.2.2.2	0.1.1.1.1.1.1.1.1.0.0.1.0.1.0.0.1.0.1.1.1.0.0.1.0.1.0.0.1.0.1.1.1.0.0.1.0.0.0.1.0.0.1.0.0.1.1.1.1	b16:7F94B94B91278	b32:FUABIISH4U	1		
n528	1.2.2.2.2.2.2.2.2.3.2.3.2.2.2.3.2.3.2.2.2.3.3.5.2.2.2.2.1	0.1.1.1.1.1.1.1.1.0.0.1.0.1.0.0.1.0.1.1.1.0.0.1.0.1.0.0.1.0.1.1.1.0.0.1.0.0.0.1.0.0.1.0.0.1.1.1.1.0	b16:7F94B94B91278	b32:FUABIISH4U	2	#2a6b5a	
2025.TE.10402.1.1	1.2.2.2.2.2.2.2.2.3.2.3.2.2.2.3.2.3.2.2.2.3.3.5.2.2.2.2.1.1	0.1.1.1.1.1.1.1.1.0.0.1.0.1.0.0.1.0.1.1.1.0.0.1.0.1.0.0.1.0.1.1.1.0.0.1.0.0.0.1.0.0.1.0.0.1.1.1.1.0.0	b16:7F94B94B91278	b32:FUABIISH4U0	4		#2a6b5a
2025.TE.10399.1.1	1.2.2.2.2.2.2.2.2.3.2.3.2.2.2.3.2.3.2.2.2.3.3.5.2.2.2.2.1.2	0.1.1.1.1.1.1.1.1.0.0.1.0.1.0.0.1.0.1.1.1.0.0.1.0.1.0.0.1.0.1.1.1.0.0.1.0.0.0.1.0.0.1.0.0.1.1.1.1.0.1	b16:7F94B94B9127A	b32:FUABIISH4UG	3		#2a6b5a
n531	1.2.2.2.2.2.2.2.2.3.2.3.2.2.2.3.2.3.2.2.2.3.3.5.2.2.2.2.1.3	0.1.1.1.1.1.1.1.1.0.0.1.0.1.0.0.1.0.1.1.1.0.0.1.0.1.0.0.1.0.1.1.1.0.0.1.0.0.0.1.0.0.1.0.0.1.1.1.1.0.0.0.1.0	b16:7F94B94B912788	b32:FUABIISH4U4	22		
2025.TE.10404.1.1	1.2.2.2.2.2.2.2.2.3.2.3.2.2.2.3.2.3.2.2.2.3.3.5.2.2.2.2.1.3.1	0.1.1.1.1.1.1.1.1.0.0.1.0.1.0.0.1.0.1.1.1.0.0.1.0.1.0.0.1.0.1.1.1.0.0.1.0.0.0.1.0.0.1.0.0.1.1.1.1.0.0.0.1.0.0	b16:7F94B94B912788	b32:FUABIISH4U4	2		#2a6b5a
2022.TE.41400.2.3	1.2.2.2.2.2.2.2.2.3.2.3.2.2.2.3.2.3.2.2.2.3.3.5.2.2.2.2.1.3.2	0.1.1.1.1.1.1.1.1.0.0.1.0.1.0.0.1.0.1.1.1.0.0.1.0.1.0.0.1.0.1.1.1.0.0.1.0.0.0.1.0.0.1.0.0.1.1.1.1.0.0.0.1.0.1	b16:7F94B94B91278A	b32:FUABIISH4U5	24		#2a6b5a
n534	1.2.2.2.2.2.2.2.2.3.2.3.2.2.2.3.2.3.2.2.2.3.3.5.2.2.2.2.1.4	0.1.1.1.1.1.1.1.1.0.0.1.0.1.0.0.1.0.1.1.1.0.0.1.0.1.0.0.1.0.1.1.1.0.0.1.0.0.0.1.0.0.1.0.0.1.1.1.1.0.0.0.1.1	b16:7F94B94B91278C	b32:FUABIISH4U6	1		
2025.TE.10407.1.1	1.2.2.2.2.2.2.2.2.3.2.3.2.2.2.3.2.3.2.2.2.3.3.5.2.2.2.2.1.4.1	0.1.1.1.1.1.1.1.1.0.0.1.0.1.0.0.1.0.1.1.1.0.0.1.0.1.0.0.1.0.1.1.1.0.0.1.0.0.0.1.0.0.1.0.0.1.1.1.1.0.0.0.1.1.0	b16:7F94B94B91278C	b32:FUABIISH4U6	8		#2a6b5a
2026.TE.2243.1.1	1.2.2.2.2.2.2.2.2.3.2.3.2.2.2.3.2.3.2.2.2.3.3.5.2.2.2.2.1.4.2	0.1.1.1.1.1.1.1.1.0.0.1.0.1.0.0.1.0.1.1.1.0.0.1.0.1.0.0.1.0.1.1.1.0.0.1.0.0.0.1.0.0.1.0.0.1.1.1.1.0.0.0.1.1.1	b16:7F94B94B91278E	b32:FUABIISH4U7	9		#2a6b5a
n537	1.2.2.2.2.2.2.2.2.3.2.3.2.2.2.3.2.3.2.2.2.3.3.5.2.2.2.2.2	0.1.1.1.1.1.1.1.1.0.0.1.0.1.0.0.1.0.1.1.1.0.0.1.0.1.0.0.1.0.1.1.1.0.0.1.0.0.0.1.0.0.1.0.0.1.1.1.1.1	b16:7F94B94B9127C	b32:FUABIISH4V	2		
2025.TE.10411.1.1	1.2.2.2.2.2.2.2.2.3.2.3.2.2.2.3.2.3.2.2.2.3.3.5.2.2.2.2.2.1	0.1.1.1.1.1.1.1.1.0.0.1.0.1.0.0.1.0.1.1.1.0.0.1.0.1.0.0.1.0.1.1.1.0.0.1.0.0.0.1.0.0.1.0.0.1.1.1.1.1.0	b16:7F94B94B9127C	b32:FUABIISH4V0	5		#d4a8f4
n539	1.2.2.2.2.2.2.2.2.3.2.3.2.2.2.3.2.3.2.2.2.3.3.5.2.2.2.2.2.2	0.1.1.1.1.1.1.1.1.0.0.1.0.1.0.0.1.0.1.1.1.0.0.1.0.1.0.0.1.0.1.1.1.0.0.1.0.0.0.1.0.0.1.0.0.1.1.1.1.1.1	b16:7F94B94B9127E	b32:FUABIISH4VG	1		
2025.TE.10388.1.1	1.2.2.2.2.2.2.2.2.3.2.3.2.2.2.3.2.3.2.2.2.3.3.5.2.2.2.2.2.2.1	0.1.1.1.1.1.1.1.1.0.0.1.0.1.0.0.1.0.1.1.1.0.0.1.0.1.0.0.1.0.1.1.1.0.0.1.0.0.0.1.0.0.1.0.0.1.1.1.1.1.1.0	b16:7F94B94B9127E	b32:FUABIISH4VG	4		#d4a8f4
2025.TE.10416.1.1	1.2.2.2.2.2.2.2.2.3.2.3.2.2.2.3.2.3.2.2.2.3.3.5.2.2.2.2.2.2.2	0.1.1.1.1.1.1.1.1.0.0.1.0.1.0.0.1.0.1.1.1.0.0.1.0.1.0.0.1.0.1.1.1.0.0.1.0.0.0.1.0.0.1.0.0.1.1.1.1.1.1.1	b16:7F94B94B9127F	b32:FUABIISH4VO	1		#d4a8f4
2025.TE.10424.1.1	1.2.2.2.2.2.2.2.2.3.2.3.2.2.2.3.2.3.2.2.2.3.3.5.2.2.2.2.2.2.3	0.1.1.1.1.1.1.1.1.0.0.1.0.1.0.0.1.0.1.1.1.0.0.1.0.1.0.0.1.0.1.1.1.0.0.1.0.0.0.1.0.0.1.0.0.1.1.1.1.1.1.0.0.1.0	b16:7F94B94B9127E4	b32:FUABIISH4VI	4		#d4a8f4
n543	1.2.2.2.2.2.2.2.2.3.2.3.2.2.2.3.2.3.2.2.2.3.3.5.2.2.2.2.2.3	0.1.1.1.1.1.1.1.1.0.0.1.0.1.0.0.1.0.1.1.1.0.0.1.0.1.0.0.1.0.1.1.1.0.0.1.0.0.0.1.0.0.1.0.0.1.1.1.1.1.0.0.1.0	b16:7F94B94B9127C8	b32:FUABIISH4V4	1		
n544	1.2.2.2.2.2.2.2.2.3.2.3.2.2.2.3.2.3.2.2.2.3.3.5.2.2.2.2.2.3.1	0.1.1.1.1.1.1.1.1.0.0.1.0.1.0.0.1.0.1.1.1.0.0.1.0.1.0.0.1.0.1.1.1.0.0.1.0.0.0.1.0.0.1.0.0.1.1.1.1.1.0.0.1.0.0	b16:7F94B94B9127C8	b32:FUABIISH4V4	1		
2025.TE.10394.1.1	1.2.2.2.2.2.2.2.2.3.2.3.2.2.2.3.2.3.2.2.2.3.3.5.2.2.2.2.2.3.1.1	0.1.1.1.1.1.1.1.1.0.0.1.0.1.0.0.1.0.1.1.1.0.0.1.0.1.0.0.1.0.1.1.1.0.0.1.0.0.0.1.0.0.1.0.0.1.1.1.1.1.0.0.1.0.0.0	b16:7F94B94B9127C8	b32:FUABIISH4V40	6		#d4a8f4
2025.TE.10410.1.1	1.2.2.2.2.2.2.2.2.3.2.3.2.2.2.3.2.3.2.2.2.3.3.5.2.2.2.2.2.3.1.2	0.1.1.1.1.1.1.1.1.0.0.1.0.1.0.0.1.0.1.1.1.0.0.1.0.1.0.0.1.0.1.1.1.0.0.1.0.0.0.1.0.0.1.0.0.1.1.1.1.1.0.0.1.0.0.1	b16:7F94B94B9127C9	b32:FUABIISH4V4G	3		#d4a8f4
n547	1.2.2.2.2.2.2.2.2.3.2.3.2.2.2.3.2.3.2.2.2.3.3.5.2.2.2.2.2.3.2	0.1.1.1.1.1.1.1.1.0.0.1.0.1.0.0.1.0.1.1.1.0.0.1.0.1.0.0.1.0.1.1.1.0.0.1.0.0.0.1.0.0.1.0.0.1.1.1.1.1.0.0.1.0.1	b16:7F94B94B9127CA	b32:FUABIISH4V5	1		
2025.TE.10387.1.1	1.2.2.2.2.2.2.2.2.3.2.3.2.2.2.3.2.3.2.2.2.3.3.5.2.2.2.2.2.3.2.1	0.1.1.1.1.1.1.1.1.0.0.1.0.1.0.0.1.0.1.1.1.0.0.1.0.1.0.0.1.0.1.1.1.0.0.1.0.0.0.1.0.0.1.0.0.1.1.1.1.1.0.0.1.0.1.0	b16:7F94B94B9127CA	b32:FUABIISH4V50	0		#d4a8f4
n549	1.2.2.2.2.2.2.2.2.3.2.3.2.2.2.3.2.3.2.2.2.3.3.5.2.2.2.2.2.3.2.2	0.1.1.1.1.1.1.1.1.0.0.1.0.1.0.0.1.0.1.1.1.0.0.1.0.1.0.0.1.0.1.1.1.0.0.1.0.0.0.1.0.0.1.0.0.1.1.1.1.1.0.0.1.0.1.1	b16:7F94B94B9127CB	b32:FUABIISH4V5G	1		
2025.TE.10396.1.1	1.2.2.2.2.2.2.2.2.3.2.3.2.2.2.3.2.3.2.2.2.3.3.5.2.2.2.2.2.3.2.2.1	0.1.1.1.1.1.1.1.1.0.0.1.0.1.0.0.1.0.1.1.1.0.0.1.0.1.0.0.1.0.1.1.1.0.0.1.0.0.0.1.0.0.1.0.0.1.1.1.1.1.0.0.1.0.1.1.0	b16:7F94B94B9127CB0	b32:FUABIISH4V5G	0		#d4a8f4
2025.TE.10391.1.1	1.2.2.2.2.2.2.2.2.3.2.3.2.2.2.3.2.3.2.2.2.3.3.5.2.2.2.2.2.3.2.2.2	0.1.1.1.1.1.1.1.1.0.0.1.0.1.0.0.1.0.1.1.1.0.0.1.0.1.0.0.1.0.1.1.1.0.0.1.0.0.0.1.0.0.1.0.0.1.1.1.1.1.0.0.1.0.1.1.1	b16:7F94B94B9127CB8	b32:FUABIISH4V5O	6		#d4a8f4
n552	1.2.2.2.2.2.2.2.2.3.2.3.2.2.2.3.2.3.2.2.2.3.3.5.2.2.2.2.2.3.3	0.1.1.1.1.1.1.1.1.0.0.1.0.1.0.0.1.0.1.1.1.0.0.1.0.1.0.0.1.0.1.1.1.0.0.1.0.0.0.1.0.0.1.0.0.1.1.1.1.1.0.0.1.0.0.0.1.0	b16:7F94B94B9127C88	b32:FUABIISH4V48	1	#40847d	
2025.TE.10403.1.1	1.2.2.2.2.2.2.2.2.3.2.3.2.2.2.3.2.3.2.2.2.3.3.5.2.2.2.2.2.3.3.1	0.1.1.1.1.1.1.1.1.0.0.1.0.1.0.0.1.0.1.1.1.0.0.1.0.1.0.0.1.0.1.1.1.0.0.1.0.0.0.1.0.0.1.0.0.1.1.1.1.1.0.0.1.0.0.0.1.0.0	b16:7F94B94B9127C88	b32:FUABIISH4V48	2		#40847d
2025.TE.10414.1.1	1.2.2.2.2.2.2.2.2.3.2.3.2.2.2.3.2.3.2.2.2.3.3.5.2.2.2.2.2.3.3.2	0.1.1.1.1.1.1.1.1.0.0.1.0.1.0.0.1.0.1.1.1.0.0.1.0.1.0.0.1.0.1.1.1.0.0.1.0.0.0.1.0.0.1.0.0.1.1.1.1.1.0.0.1.0.0.0.1.0.1	b16:7F94B94B9127C8A	b32:FUABIISH4V4A	2		#40847d
2025.TE.10409.1.1	1.2.2.2.2.2.2.2.2.3.2.3.2.2.2.3.2.3.2.2.2.3.3.5.2.2.2.2.2.3.3.3	0.1.1.1.1.1.1.1.1.0.0.1.0.1.0.0.1.0.1.1.1.0.0.1.0.1.0.0.1.0.1.1.1.0.0.1.0.0.0.1.0.0.1.0.0.1.1.1.1.1.0.0.1.0.0.0.1.0.0.0.1.0	b16:7F94B94B9127C888	b32:FUABIISH4V48G	4		#40847d
2025.TE.10383.1.1	1.2.2.2.2.2.2.2.2.3.2.3.2.2.2.3.2.3.2.2.2.3.3.5.2.2.2.2.2.3.3.4	0.1.1.1.1.1.1.1.1.0.0.1.0.1.0.0.1.0.1.1.1.0.0.1.0.1.0.0.1.0.1.1.1.0.0.1.0.0.0.1.0.0.1.0.0.1.1.1.1.1.0.0.1.0.0.0.1.0.0.0.1.1	b16:7F94B94B9127C88C	b32:FUABIISH4V48O	4		#40847d
n557	1.2.2.2.2.2.2.2.2.3.2.3.2.2.2.3.2.3.2.2.2.3.3.5.2.2.2.2.2.3.3.5	0.1.1.1.1.1.1.1.1.0.0.1.0.1.0.0.1.0.1.1.1.0.0.1.0.1.0.0.1.0.1.1.1.0.0.1.0.0.0.1.0.0.1.0.0.1.1.1.1.1.0.0.1.0.0.0.1.0.0.1.0.0	b16:7F94B94B9127C890	b32:FUABIISH4V490	1		
2025.TE.10423.1.1	1.2.2.2.2.2.2.2.2.3.2.3.2.2.2.3.2.3.2.2.2.3.3.5.2.2.2.2.2.3.3.5.1	0.1.1.1.1.1.1.1.1.0.0.1.0.1.0.0.1.0.1.1.1.0.0.1.0.1.0.0.1.0.1.1.1.0.0.1.0.0.0.1.0.0.1.0.0.1.1.1.1.1.0.0.1.0.0.0.1.0.0.1.0.0.0	b16:7F94B94B9127C890	b32:FUABIISH4V490	2		#40847d
2025.TE.10384.1.1	1.2.2.2.2.2.2.2.2.3.2.3.2.2.2.3.2.3.2.2.2.3.3.5.2.2.2.2.2.3.3.5.2	0.1.1.1.1.1.1.1.1.0.0.1.0.1.0.0.1.0.1.1.1.0.0.1.0.1.0.0.1.0.1.1.1.0.0.1.0.0.0.1.0.0.1.0.0.1.1.1.1.1.0.0.1.0.0.0.1.0.0.1.0.0.1	b16:7F94B94B9127C892	b32:FUABIISH4V494	5		#40847d
2025.TE.10386.1.1	1.2.2.2.2.2.2.2.2.3.2.3.2.2.2.3.2.3.2.2.2.3.3.5.2.2.2.2.2.3.3.5.3	0.1.1.1.1.1.1.1.1.0.0.1.0.1.0.0.1.0.1.1.1.0.0.1.0.1.0.0.1.0.1.1.1.0.0.1.0.0.0.1.0.0.1.0.0.1.1.1.1.1.0.0.1.0.0.0.1.0.0.1.0.0.0.0.1.0	b16:7F94B94B9127C8908	b32:FUABIISH4V4910	2		#40847d
2025.TE.10397.1.1	1.2.2.2.2.2.2.2.2.3.2.3.2.2.2.3.2.3.2.2.2.3.3.5.2.2.2.2.2.3.3.5.4	0.1.1.1.1.1.1.1.1.0.0.1.0.1.0.0.1.0.1.1.1.0.0.1.0.1.0.0.1.0.1.1.1.0.0.1.0.0.0.1.0.0.1.0.0.1.1.1.1.1.0.0.1.0.0.0.1.0.0.1.0.0.0.0.1.1	b16:7F94B94B9127C890C	b32:FUABIISH4V491G	3		#40847d
2025.TE.10427.1.1	1.2.2.2.2.2.2.2.2.3.2.3.2.2.2.3.2.3.2.2.2.3.3.5.2.2.2.2.2.3.3.5.5	0.1.1.1.1.1.1.1.1.0.0.1.0.1.0.0.1.0.1.1.1.0.0.1.0.1.0.0.1.0.1.1.1.0.0.1.0.0.0.1.0.0.1.0.0.1.1.1.1.1.0.0.1.0.0.0.1.0.0.1.0.0.0.1.0.0	b16:7F94B94B9127C8910	b32:FUABIISH4V4920	2		#40847d
n563	1.2.2.2.2.2.2.2.2.3.2.3.2.2.2.3.2.3.2.2.2.3.3.5.2.2.2.2.2.3.3.5.6	0.1.1.1.1.1.1.1.1.0.0.1.0.1.0.0.1.0.1.1.1.0.0.1.0.1.0.0.1.0.1.1.1.0.0.1.0.0.0.1.0.0.1.0.0.1.1.1.1.1.0.0.1.0.0.0.1.0.0.1.0.0.0.1.0.1	b16:7F94B94B9127C8914	b32:FUABIISH4V492G	1		
2025.TE.10415.1.1	1.2.2.2.2.2.2.2.2.3.2.3.2.2.2.3.2.3.2.2.2.3.3.5.2.2.2.2.2.3.3.5.6.1	0.1.1.1.1.1.1.1.1.0.0.1.0.1.0.0.1.0.1.1.1.0.0.1.0.1.0.0.1.0.1.1.1.0.0.1.0.0.0.1.0.0.1.0.0.1.1.1.1.1.0.0.1.0.0.0.1.0.0.1.0.0.0.1.0.1.0	b16:7F94B94B9127C8914	b32:FUABIISH4V492G	3		#40847d
2025.TE.10417.1.1	1.2.2.2.2.2.2.2.2.3.2.3.2.2.2.3.2.3.2.2.2.3.3.5.2.2.2.2.2.3.3.5.6.2	0.1.1.1.1.1.1.1.1.0.0.1.0.1.0.0.1.0.1.1.1.0.0.1.0.1.0.0.1.0.1.1.1.0.0.1.0.0.0.1.0.0.1.0.0.1.1.1.1.1.0.0.1.0.0.0.1.0.0.1.0.0.0.1.0.1.1	b16:7F94B94B9127C8916	b32:FUABIISH4V492O	6		#40847d
n566	1.2.2.2.2.2.2.2.2.3.2.3.2.2.2.3.2.3.2.2.2.3.3.5.2.2.2.2.2.4	0.1.1.1.1.1.1.1.1.0.0.1.0.1.0.0.1.0.1.1.1.0.0.1.0.1.0.0.1.0.1.1.1.0.0.1.0.0.0.1.0.0.1.0.0.1.1.1.1.1.0.0.1.1	b16:7F94B94B9127CC	b32:FUABIISH4V6	3	#d95a47	
n567	1.2.2.2.2.2.2.2.2.3.2.3.2.2.2.3.2.3.2.2.2.3.3.5.2.2.2.2.2.4.1	0.1.1.1.1.1.1.1.1.0.0.1.0.1.0.0.1.0.1.1.1.0.0.1.0.1.0.0.1.0.1.1.1.0.0.1.0.0.0.1.0.0.1.0.0.1.1.1.1.1.0.0.1.1.0	b16:7F94B94B9127CC	b32:FUABIISH4V6	8		
2025.TE.29204.1.1	1.2.2.2.2.2.2.2.2.3.2.3.2.2.2.3.2.3.2.2.2.3.3.5.2.2.2.2.2.4.1.1	0.1.1.1.1.1.1.1.1.0.0.1.0.1.0.0.1.0.1.1.1.0.0.1.0.1.0.0.1.0.1.1.1.0.0.1.0.0.0.1.0.0.1.0.0.1.1.1.1.1.0.0.1.1.0.0	b16:7F94B94B9127CC	b32:FUABIISH4V60	2		#d95a47
2026.TE.2261.1.1	1.2.2.2.2.2.2.2.2.3.2.3.2.2.2.3.2.3.2.2.2.3.3.5.2.2.2.2.2.4.1.2	0.1.1.1.1.1.1.1.1.0.0.1.0.1.0.0.1.0.1.1.1.0.0.1.0.1.0.0.1.0.1.1.1.0.0.1.0.0.0.1.0.0.1.0.0.1.1.1.1.1.0.0.1.1.0.1	b16:7F94B94B9127CD	b32:FUABIISH4V6G	5		#d95a47
n570	1.2.2.2.2.2.2.2.2.3.2.3.2.2.2.3.2.3.2.2.2.3.3.5.2.2.2.2.2.4.2	0.1.1.1.1.1.1.1.1.0.0.1.0.1.0.0.1.0.1.1.1.0.0.1.0.1.0.0.1.0.1.1.1.0.0.1.0.0.0.1.0.0.1.0.0.1.1.1.1.1.0.0.1.1.1	b16:7F94B94B9127CE	b32:FUABIISH4V7	5	#7d2e46	
2026.TE.2254.1.1	1.2.2.2.2.2.2.2.2.3.2.3.2.2.2.3.2.3.2.2.2.3.3.5.2.2.2.2.2.4.2.1	0.1.1.1.1.1.1.1.1.0.0.1.0.1.0.0.1.0.1.1.1.0.0.1.0.1.0.0.1.0.1.1.1.0.0.1.0.0.0.1.0.0.1.0.0.1.1.1.1.1.0.0.1.1.1.0	b16:7F94B94B9127CE	b32:FUABIISH4V70	11		#7d2e46
n572	1.2.2.2.2.2.2.2.2.3.2.3.2.2.2.3.2.3.2.2.2.3.3.5.2.2.2.2.2.4.2.2	0.1.1.1.1.1.1.1.1.0.0.1.0.1.0.0.1.0.1.1.1.0.0.1.0.1.0.0.1.0.1.1.1.0.0.1.0.0.0.1.0.0.1.0.0.1.1.1.1.1.0.0.1.1.1.1	b16:7F94B94B9127CF	b32:FUABIISH4V7G	2		
2026.TE.2239.1.1	1.2.2.2.2.2.2.2.2.3.2.3.2.2.2.3.2.3.2.2.2.3.3.5.2.2.2.2.2.4.2.2.1	0.1.1.1.1.1.1.1.1.0.0.1.0.1.0.0.1.0.1.1.1.0.0.1.0.1.0.0.1.0.1.1.1.0.0.1.0.0.0.1.0.0.1.0.0.1.1.1.1.1.0.0.1.1.1.1.0	b16:7F94B94B9127CF0	b32:FUABIISH4V7G	2		#7d2e46
2026.TE.2257.1.1	1.2.2.2.2.2.2.2.2.3.2.3.2.2.2.3.2.3.2.2.2.3.3.5.2.2.2.2.2.4.2.2.2	0.1.1.1.1.1.1.1.1.0.0.1.0.1.0.0.1.0.1.1.1.0.0.1.0.1.0.0.1.0.1.1.1.0.0.1.0.0.0.1.0.0.1.0.0.1.1.1.1.1.0.0.1.1.1.1.1	b16:7F94B94B9127CF8	b32:FUABIISH4V7O	4		#7d2e46
n575	1.2.2.2.2.2.2.2.2.3.2.3.2.2.2.3.2.3.2.2.2.3.3.5.2.2.2.2.2.4.2.3	0.1.1.1.1.1.1.1.1.0.0.1.0.1.0.0.1.0.1.1.1.0.0.1.0.1.0.0.1.0.1.1.1.0.0.1.0.0.0.1.0.0.1.0.0.1.1.1.1.1.0.0.1.1.1.0.0.1.0	b16:7F94B94B9127CE4	b32:FUABIISH4V74	1		
2026.TE.2247.1.1	1.2.2.2.2.2.2.2.2.3.2.3.2.2.2.3.2.3.2.2.2.3.3.5.2.2.2.2.2.4.2.3.1	0.1.1.1.1.1.1.1.1.0.0.1.0.1.0.0.1.0.1.1.1.0.0.1.0.1.0.0.1.0.1.1.1.0.0.1.0.0.0.1.0.0.1.0.0.1.1.1.1.1.0.0.1.1.1.0.0.1.0.0	b16:7F94B94B9127CE4	b32:FUABIISH4V74	2		#7d2e46
2026.TE.2248.1.1	1.2.2.2.2.2.2.2.2.3.2.3.2.2.2.3.2.3.2.2.2.3.3.5.2.2.2.2.2.4.2.3.2	0.1.1.1.1.1.1.1.1.0.0.1.0.1.0.0.1.0.1.1.1.0.0.1.0.1.0.0.1.0.1.1.1.0.0.1.0.0.0.1.0.0.1.0.0.1.1.1.1.1.0.0.1.1.1.0.0.1.0.1	b16:7F94B94B9127CE5	b32:FUABIISH4V75	2		#7d2e46
2026.TE.2249.1.1	1.2.2.2.2.2.2.2.2.3.2.3.2.2.2.3.2.3.2.2.2.3.3.5.2.2.2.2.2.4.2.3.3	0.1.1.1.1.1.1.1.1.0.0.1.0.1.0.0.1.0.1.1.1.0.0.1.0.1.0.0.1.0.1.1.1.0.0.1.0.0.0.1.0.0.1.0.0.1.1.1.1.1.0.0.1.1.1.0.0.1.0.0.0.1.0	b16:7F94B94B9127CE44	b32:FUABIISH4V748	4		#7d2e46
n579	1.2.2.2.2.2.2.2.2.3.2.3.2.2.2.3.2.3.2.2.2.3.3.5.2.2.2.2.2.4.2.3.4	0.1.1.1.1.1.1.1.1.0.0.1.0.1.0.0.1.0.1.1.1.0.0.1.0.1.0.0.1.0.1.1.1.0.0.1.0.0.0.1.0.0.1.0.0.1.1.1.1.1.0.0.1.1.1.0.0.1.0.0.0.1.1	b16:7F94B94B9127CE46	b32:FUABIISH4V74C	2		
2025.TE.29206.1.1	1.2.2.2.2.2.2.2.2.3.2.3.2.2.2.3.2.3.2.2.2.3.3.5.2.2.2.2.2.4.2.3.4.1	0.1.1.1.1.1.1.1.1.0.0.1.0.1.0.0.1.0.1.1.1.0.0.1.0.1.0.0.1.0.1.1.1.0.0.1.0.0.0.1.0.0.1.0.0.1.1.1.1.1.0.0.1.1.1.0.0.1.0.0.0.1.1.0	b16:7F94B94B9127CE46	b32:FUABIISH4V74C	0		#7d2e46
n581	1.2.2.2.2.2.2.2.2.3.2.3.2.2.2.3.2.3.2.2.2.3.3.5.2.2.2.2.2.4.2.3.4.2	0.1.1.1.1.1.1.1.1.0.0.1.0.1.0.0.1.0.1.1.1.0.0.1.0.1.0.0.1.0.1.1.1.0.0.1.0.0.0.1.0.0.1.0.0.1.1.1.1.1.0.0.1.1.1.0.0.1.0.0.0.1.1.1	b16:7F94B94B9127CE47	b32:FUABIISH4V74E	1		
2026.TE.2256.1.1	1.2.2.2.2.2.2.2.2.3.2.3.2.2.2.3.2.3.2.2.2.3.3.5.2.2.2.2.2.4.2.3.4.2.1	0.1.1.1.1.1.1.1.1.0.0.1.0.1.0.0.1.0.1.1.1.0.0.1.0.1.0.0.1.0.1.1.1.0.0.1.0.0.0.1.0.0.1.0.0.1.1.1.1.1.0.0.1.1.1.0.0.1.0.0.0.1.1.1.0	b16:7F94B94B9127CE470	b32:FUABIISH4V74E	0		#7d2e46
2026.TE.2237.1.1	1.2.2.2.2.2.2.2.2.3.2.3.2.2.2.3.2.3.2.2.2.3.3.5.2.2.2.2.2.4.2.3.4.2.2	0.1.1.1.1.1.1.1.1.0.0.1.0.1.0.0.1.0.1.1.1.0.0.1.0.1.0.0.1.0.1.1.1.0.0.1.0.0.0.1.0.0.1.0.0.1.1.1.1.1.0.0.1.1.1.0.0.1.0.0.0.1.1.1.1	b16:7F94B94B9127CE478	b32:FUABIISH4V74F	2		#7d2e46
n584	1.2.2.2.2.2.2.2.2.3.2.3.2.2.2.3.2.3.2.2.2.3.3.5.2.2.2.2.2.4.3	0.1.1.1.1.1.1.1.1.0.0.1.0.1.0.0.1.0.1.1.1.0.0.1.0.1.0.0.1.0.1.1.1.0.0.1.0.0.0.1.0.0.1.0.0.1.1.1.1.1.0.0.1.1.0.0.1.0	b16:7F94B94B9127CC8	b32:FUABIISH4V68	4	#c06b82	
2026.TE.2250.1.1	1.2.2.2.2.2.2.2.2.3.2.3.2.2.2.3.2.3.2.2.2.3.3.5.2.2.2.2.2.4.3.1	0.1.1.1.1.1.1.1.1.0.0.1.0.1.0.0.1.0.1.1.1.0.0.1.0.1.0.0.1.0.1.1.1.0.0.1.0.0.0.1.0.0.1.0.0.1.1.1.1.1.0.0.1.1.0.0.1.0.0	b16:7F94B94B9127CC8	b32:FUABIISH4V68	45		#c06b82
n586	1.2.2.2.2.2.2.2.2.3.2.3.2.2.2.3.2.3.2.2.2.3.3.5.2.2.2.2.2.4.3.2	0.1.1.1.1.1.1.1.1.0.0.1.0.1.0.0.1.0.1.1.1.0.0.1.0.1.0.0.1.0.1.1.1.0.0.1.0.0.0.1.0.0.1.0.0.1.1.1.1.1.0.0.1.1.0.0.1.0.1	b16:7F94B94B9127CCA	b32:FUABIISH4V6A	1		
2026.TE.2242.1.1	1.2.2.2.2.2.2.2.2.3.2.3.2.2.2.3.2.3.2.2.2.3.3.5.2.2.2.2.2.4.3.2.1	0.1.1.1.1.1.1.1.1.0.0.1.0.1.0.0.1.0.1.1.1.0.0.1.0.1.0.0.1.0.1.1.1.0.0.1.0.0.0.1.0.0.1.0.0.1.1.1.1.1.0.0.1.1.0.0.1.0.1.0	b16:7F94B94B9127CCA	b32:FUABIISH4V6A	7		#c06b82
2026.TE.2259.1.1	1.2.2.2.2.2.2.2.2.3.2.3.2.2.2.3.2.3.2.2.2.3.3.5.2.2.2.2.2.4.3.2.2	0.1.1.1.1.1.1.1.1.0.0.1.0.1.0.0.1.0.1.1.1.0.0.1.0.1.0.0.1.0.1.1.1.0.0.1.0.0.0.1.0.0.1.0.0.1.1.1.1.1.0.0.1.1.0.0.1.0.1.1	b16:7F94B94B9127CCB	b32:FUABIISH4V6B	4		#c06b82
n589	1.2.2.2.2.2.2.2.2.3.2.3.2.2.2.3.2.3.2.2.2.3.3.5.2.2.2.2.2.4.3.3	0.1.1.1.1.1.1.1.1.0.0.1.0.1.0.0.1.0.1.1.1.0.0.1.0.1.0.0.1.0.1.1.1.0.0.1.0.0.0.1.0.0.1.0.0.1.1.1.1.1.0.0.1.1.0.0.1.0.0.0.1.0	b16:7F94B94B9127CC88	b32:FUABIISH4V68G	6		
2026.TE.2240.1.1	1.2.2.2.2.2.2.2.2.3.2.3.2.2.2.3.2.3.2.2.2.3.3.5.2.2.2.2.2.4.3.3.1	0.1.1.1.1.1.1.1.1.0.0.1.0.1.0.0.1.0.1.1.1.0.0.1.0.1.0.0.1.0.1.1.1.0.0.1.0.0.0.1.0.0.1.0.0.1.1.1.1.1.0.0.1.1.0.0.1.0.0.0.1.0.0	b16:7F94B94B9127CC88	b32:FUABIISH4V68G	2		#c06b82
2026.TE.2244.1.1	1.2.2.2.2.2.2.2.2.3.2.3.2.2.2.3.2.3.2.2.2.3.3.5.2.2.2.2.2.4.3.3.2	0.1.1.1.1.1.1.1.1.0.0.1.0.1.0.0.1.0.1.1.1.0.0.1.0.1.0.0.1.0.1.1.1.0.0.1.0.0.0.1.0.0.1.0.0.1.1.1.1.1.0.0.1.1.0.0.1.0.0.0.1.0.1	b16:7F94B94B9127CC8A	b32:FUABIISH4V68K	3		#c06b82
n592	1.2.2.2.2.2.2.2.2.3.2.3.2.2.2.3.2.3.2.2.2.3.3.5.2.2.2.2.2.4.3.4	0.1.1.1.1.1.1.1.1.0.0.1.0.1.0.0.1.0.1.1.1.0.0.1.0.1.0.0.1.0.1.1.1.0.0.1.0.0.0.1.0.0.1.0.0.1.1.1.1.1.0.0.1.1.0.0.1.0.0.0.1.1	b16:7F94B94B9127CC8C	b32:FUABIISH4V68O	1		
n593	1.2.2.2.2.2.2.2.2.3.2.3.2.2.2.3.2.3.2.2.2.3.3.5.2.2.2.2.2.4.3.4.1	0.1.1.1.1.1.1.1.1.0.0.1.0.1.0.0.1.0.1.1.1.0.0.1.0.1.0.0.1.0.1.1.1.0.0.1.0.0.0.1.0.0.1.0.0.1.1.1.1.1.0.0.1.1.0.0.1.0.0.0.1.1.0	b16:7F94B94B9127CC8C	b32:FUABIISH4V68O	1		
2026.TE.2260.1.1	1.2.2.2.2.2.2.2.2.3.2.3.2.2.2.3.2.3.2.2.2.3.3.5.2.2.2.2.2.4.3.4.1.1	0.1.1.1.1.1.1.1.1.0.0.1.0.1.0.0.1.0.1.1.1.0.0.1.0.1.0.0.1.0.1.1.1.0.0.1.0.0.0.1.0.0.1.0.0.1.1.1.1.1.0.0.1.1.0.0.1.0.0.0.1.1.0.0	b16:7F94B94B9127CC8C	b32:FUABIISH4V68O	3		#c06b82
2026.TE.2255.1.1	1.2.2.2.2.2.2.2.2.3.2.3.2.2.2.3.2.3.2.2.2.3.3.5.2.2.2.2.2.4.3.4.1.2	0.1.1.1.1.1.1.1.1.0.0.1.0.1.0.0.1.0.1.1.1.0.0.1.0.1.0.0.1.0.1.1.1.0.0.1.0.0.0.1.0.0.1.0.0.1.1.1.1.1.0.0.1.1.0.0.1.0.0.0.1.1.0.1	b16:7F94B94B9127CC8D	b32:FUABIISH4V68Q	6		#c06b82
n596	1.2.2.2.2.2.2.2.2.3.2.3.2.2.2.3.2.3.2.2.2.3.3.5.2.2.2.2.2.4.3.4.2	0.1.1.1.1.1.1.1.1.0.0.1.0.1.0.0.1.0.1.1.1.0.0.1.0.1.0.0.1.0.1.1.1.0.0.1.0.0.0.1.0.0.1.0.0.1.1.1.1.1.0.0.1.1.0.0.1.0.0.0.1.1.1	b16:7F94B94B9127CC8E	b32:FUABIISH4V68S	2		
2025.TE.29213.1.1	1.2.2.2.2.2.2.2.2.3.2.3.2.2.2.3.2.3.2.2.2.3.3.5.2.2.2.2.2.4.3.4.2.1	0.1.1.1.1.1.1.1.1.0.0.1.0.1.0.0.1.0.1.1.1.0.0.1.0.1.0.0.1.0.1.1.1.0.0.1.0.0.0.1.0.0.1.0.0.1.1.1.1.1.0.0.1.1.0.0.1.0.0.0.1.1.1.0	b16:7F94B94B9127CC8E	b32:FUABIISH4V68S	3		#c06b82
n598	1.2.2.2.2.2.2.2.2.3.2.3.2.2.2.3.2.3.2.2.2.3.3.5.2.2.2.2.2.4.3.4.2.2	0.1.1.1.1.1.1.1.1.0.0.1.0.1.0.0.1.0.1.1.1.0.0.1.0.1.0.0.1.0.1.1.1.0.0.1.0.0.0.1.0.0.1.0.0.1.1.1.1.1.0.0.1.1.0.0.1.0.0.0.1.1.1.1	b16:7F94B94B9127CC8F	b32:FUABIISH4V68U	2		
2025.TE.29205.1.1	1.2.2.2.2.2.2.2.2.3.2.3.2.2.2.3.2.3.2.2.2.3.3.5.2.2.2.2.2.4.3.4.2.2.1	0.1.1.1.1.1.1.1.1.0.0.1.0.1.0.0.1.0.1.1.1.0.0.1.0.1.0.0.1.0.1.1.1.0.0.1.0.0.0.1.0.0.1.0.0.1.1.1.1.1.0.0.1.1.0.0.1.0.0.0.1.1.1.1.0	b16:7F94B94B9127CC8F0	b32:FUABIISH4V68U	0		#c06b82
2025.TE.29211.1.1	1.2.2.2.2.2.2.2.2.3.2.3.2.2.2.3.2.3.2.2.2.3.3.5.2.2.2.2.2.4.3.4.2.2.2	0.1.1.1.1.1.1.1.1.0.0.1.0.1.0.0.1.0.1.1.1.0.0.1.0.1.0.0.1.0.1.1.1.0.0.1.0.0.0.1.0.0.1.0.0.1.1.1.1.1.0.0.1.1.0.0.1.0.0.0.1.1.1.1.1	b16:7F94B94B9127CC8F8	b32:FUABIISH4V68V	5		#c06b82
n601	1.2.2.2.2.2.2.2.2.3.2.3.2.2.2.3.2.3.2.2.2.3.3.5.2.2.2.2.2.4.3.4.2.2.3	0.1.1.1.1.1.1.1.1.0.0.1.0.1.0.0.1.0.1.1.1.0.0.1.0.1.0.0.1.0.1.1.1.0.0.1.0.0.0.1.0.0.1.0.0.1.1.1.1.1.0.0.1.1.0.0.1.0.0.0.1.1.1.1.0.0.1.0	b16:7F94B94B9127CC8F2	b32:FUABIISH4V68U8	1		
2026.TE.2241.1.1	1.2.2.2.2.2.2.2.2.3.2.3.2.2.2.3.2.3.2.2.2.3.3.5.2.2.2.2.2.4.3.4.2.2.3.1	0.1.1.1.1.1.1.1.1.0.0.1.0.1.0.0.1.0.1.1.1.0.0.1.0.1.0.0.1.0.1.1.1.0.0.1.0.0.0.1.0.0.1.0.0.1.1.1.1.1.0.0.1.1.0.0.1.0.0.0.1.1.1.1.0.0.1.0.0	b16:7F94B94B9127CC8F20	b32:FUABIISH4V68U8	4		#c06b82
n603	1.2.2.2.2.2.2.2.2.3.2.3.2.2.2.3.2.3.2.2.2.3.3.5.2.2.2.2.2.4.3.4.2.2.3.2	0.1.1.1.1.1.1.1.1.0.0.1.0.1.0.0.1.0.1.1.1.0.0.1.0.1.0.0.1.0.1.1.1.0.0.1.0.0.0.1.0.0.1.0.0.1.1.1.1.1.0.0.1.1.0.0.1.0.0.0.1.1.1.1.0.0.1.0.1	b16:7F94B94B9127CC8F28	b32:FUABIISH4V68UA	1		
2025.TE.29215.1.1	1.2.2.2.2.2.2.2.2.3.2.3.2.2.2.3.2.3.2.2.2.3.3.5.2.2.2.2.2.4.3.4.2.2.3.2.1	0.1.1.1.1.1.1.1.1.0.0.1.0.1.0.0.1.0.1.1.1.0.0.1.0.1.0.0.1.0.1.1.1.0.0.1.0.0.0.1.0.0.1.0.0.1.1.1.1.1.0.0.1.1.0.0.1.0.0.0.1.1.1.1.0.0.1.0.1.0	b16:7F94B94B9127CC8F28	b32:FUABIISH4V68UA	2		#c06b82
2026.TE.2258.1.1	1.2.2.2.2.2.2.2.2.3.2.3.2.2.2.3.2.3.2.2.2.3.3.5.2.2.2.2.2.4.3.4.2.2.3.2.2	0.1.1.1.1.1.1.1.1.0.0.1.0.1.0.0.1.0.1.1.1.0.0.1.0.1.0.0.1.0.1.1.1.0.0.1.0.0.0.1.0.0.1.0.0.1.1.1.1.1.0.0.1.1.0.0.1.0.0.0.1.1.1.1.0.0.1.0.1.1	b16:7F94B94B9127CC8F2C	b32:FUABIISH4V68UB	3		#c06b82
